/home/hunglam/00_recovery_out/IMG/center_2021_07_19_22_03_17_322.jpg,/home/hunglam/00_recovery_out/IMG/left_2021_07_19_22_03_17_322.jpg,/home/hunglam/00_recovery_out/IMG/right_2021_07_19_22_03_17_322.jpg,0,0,0,0.776539
/home/hunglam/00_recovery_out/IMG/center_2021_07_19_22_03_17_403.jpg,/home/hunglam/00_recovery_out/IMG/left_2021_07_19_22_03_17_403.jpg,/home/hunglam/00_recovery_out/IMG/right_2021_07_19_22_03_17_403.jpg,0,0,0,0.7702997
/home/hunglam/00_recovery_out/IMG/center_2021_07_19_22_03_17_483.jpg,/home/hunglam/00_recovery_out/IMG/left_2021_07_19_22_03_17_483.jpg,/home/hunglam/00_recovery_out/IMG/right_2021_07_19_22_03_17_483.jpg,0,0,0,0.7641104
/home/hunglam/00_recovery_out/IMG/center_2021_07_19_22_03_17_564.jpg,/home/hunglam/00_recovery_out/IMG/left_2021_07_19_22_03_17_564.jpg,/home/hunglam/00_recovery_out/IMG/right_2021_07_19_22_03_17_564.jpg,0,0,0,0.7579711
/home/hunglam/00_recovery_out/IMG/center_2021_07_19_22_03_17_643.jpg,/home/hunglam/00_recovery_out/IMG/left_2021_07_19_22_03_17_643.jpg,/home/hunglam/00_recovery_out/IMG/right_2021_07_19_22_03_17_643.jpg,0,0,0,0.7518811
/home/hunglam/00_recovery_out/IMG/center_2021_07_19_22_03_17_723.jpg,/home/hunglam/00_recovery_out/IMG/left_2021_07_19_22_03_17_723.jpg,/home/hunglam/00_recovery_out/IMG/right_2021_07_19_22_03_17_723.jpg,0,0,0,0.7458398
/home/hunglam/00_recovery_out/IMG/center_2021_07_19_22_03_17_804.jpg,/home/hunglam/00_recovery_out/IMG/left_2021_07_19_22_03_17_804.jpg,/home/hunglam/00_recovery_out/IMG/right_2021_07_19_22_03_17_804.jpg,0,0,0,0.7398471
/home/hunglam/00_recovery_out/IMG/center_2021_07_19_22_03_17_884.jpg,/home/hunglam/00_recovery_out/IMG/left_2021_07_19_22_03_17_884.jpg,/home/hunglam/00_recovery_out/IMG/right_2021_07_19_22_03_17_884.jpg,0,0,0,0.7339028
/home/hunglam/00_recovery_out/IMG/center_2021_07_19_22_03_17_964.jpg,/home/hunglam/00_recovery_out/IMG/left_2021_07_19_22_03_17_964.jpg,/home/hunglam/00_recovery_out/IMG/right_2021_07_19_22_03_17_964.jpg,0,0,0,0.7280061
/home/hunglam/00_recovery_out/IMG/center_2021_07_19_22_03_18_046.jpg,/home/hunglam/00_recovery_out/IMG/left_2021_07_19_22_03_18_046.jpg,/home/hunglam/00_recovery_out/IMG/right_2021_07_19_22_03_18_046.jpg,0,0.1902602,0,0.8023672
/home/hunglam/00_recovery_out/IMG/center_2021_07_19_22_03_18_126.jpg,/home/hunglam/00_recovery_out/IMG/left_2021_07_19_22_03_18_126.jpg,/home/hunglam/00_recovery_out/IMG/right_2021_07_19_22_03_18_126.jpg,0,0.4300776,0,1.127414
/home/hunglam/00_recovery_out/IMG/center_2021_07_19_22_03_18_207.jpg,/home/hunglam/00_recovery_out/IMG/left_2021_07_19_22_03_18_207.jpg,/home/hunglam/00_recovery_out/IMG/right_2021_07_19_22_03_18_207.jpg,0,0.6725671,0,1.648405
/home/hunglam/00_recovery_out/IMG/center_2021_07_19_22_03_18_284.jpg,/home/hunglam/00_recovery_out/IMG/left_2021_07_19_22_03_18_284.jpg,/home/hunglam/00_recovery_out/IMG/right_2021_07_19_22_03_18_284.jpg,0,0.9144602,0,2.432954
/home/hunglam/00_recovery_out/IMG/center_2021_07_19_22_03_18_363.jpg,/home/hunglam/00_recovery_out/IMG/left_2021_07_19_22_03_18_363.jpg,/home/hunglam/00_recovery_out/IMG/right_2021_07_19_22_03_18_363.jpg,0,1,0,3.371276
/home/hunglam/00_recovery_out/IMG/center_2021_07_19_22_03_18_443.jpg,/home/hunglam/00_recovery_out/IMG/left_2021_07_19_22_03_18_443.jpg,/home/hunglam/00_recovery_out/IMG/right_2021_07_19_22_03_18_443.jpg,0,1,0,4.311619
/home/hunglam/00_recovery_out/IMG/center_2021_07_19_22_03_18_524.jpg,/home/hunglam/00_recovery_out/IMG/left_2021_07_19_22_03_18_524.jpg,/home/hunglam/00_recovery_out/IMG/right_2021_07_19_22_03_18_524.jpg,0,1,0,5.242587
/home/hunglam/00_recovery_out/IMG/center_2021_07_19_22_03_18_605.jpg,/home/hunglam/00_recovery_out/IMG/left_2021_07_19_22_03_18_605.jpg,/home/hunglam/00_recovery_out/IMG/right_2021_07_19_22_03_18_605.jpg,0,1,0,6.166452
/home/hunglam/00_recovery_out/IMG/center_2021_07_19_22_03_18_685.jpg,/home/hunglam/00_recovery_out/IMG/left_2021_07_19_22_03_18_685.jpg,/home/hunglam/00_recovery_out/IMG/right_2021_07_19_22_03_18_685.jpg,0,1,0,7.083142
/home/hunglam/00_recovery_out/IMG/center_2021_07_19_22_03_18_765.jpg,/home/hunglam/00_recovery_out/IMG/left_2021_07_19_22_03_18_765.jpg,/home/hunglam/00_recovery_out/IMG/right_2021_07_19_22_03_18_765.jpg,0,1,0,7.992712
/home/hunglam/00_recovery_out/IMG/center_2021_07_19_22_03_18_845.jpg,/home/hunglam/00_recovery_out/IMG/left_2021_07_19_22_03_18_845.jpg,/home/hunglam/00_recovery_out/IMG/right_2021_07_19_22_03_18_845.jpg,0,1,0,8.895204
/home/hunglam/00_recovery_out/IMG/center_2021_07_19_22_03_18_923.jpg,/home/hunglam/00_recovery_out/IMG/left_2021_07_19_22_03_18_923.jpg,/home/hunglam/00_recovery_out/IMG/right_2021_07_19_22_03_18_923.jpg,0,1,0,9.790636
/home/hunglam/00_recovery_out/IMG/center_2021_07_19_22_03_19_005.jpg,/home/hunglam/00_recovery_out/IMG/left_2021_07_19_22_03_19_005.jpg,/home/hunglam/00_recovery_out/IMG/right_2021_07_19_22_03_19_005.jpg,0,0.7543061,0,10.55663
/home/hunglam/00_recovery_out/IMG/center_2021_07_19_22_03_19_086.jpg,/home/hunglam/00_recovery_out/IMG/left_2021_07_19_22_03_19_086.jpg,/home/hunglam/00_recovery_out/IMG/right_2021_07_19_22_03_19_086.jpg,0,0.5132864,0,11.08473
/home/hunglam/00_recovery_out/IMG/center_2021_07_19_22_03_19_166.jpg,/home/hunglam/00_recovery_out/IMG/left_2021_07_19_22_03_19_166.jpg,/home/hunglam/00_recovery_out/IMG/right_2021_07_19_22_03_19_166.jpg,0,0.2727823,0,11.25726
/home/hunglam/00_recovery_out/IMG/center_2021_07_19_22_03_19_246.jpg,/home/hunglam/00_recovery_out/IMG/left_2021_07_19_22_03_19_246.jpg,/home/hunglam/00_recovery_out/IMG/right_2021_07_19_22_03_19_246.jpg,0,0.03220892,0,11.48607
/home/hunglam/00_recovery_out/IMG/center_2021_07_19_22_03_19_327.jpg,/home/hunglam/00_recovery_out/IMG/left_2021_07_19_22_03_19_327.jpg,/home/hunglam/00_recovery_out/IMG/right_2021_07_19_22_03_19_327.jpg,0,0,0,11.33177
/home/hunglam/00_recovery_out/IMG/center_2021_07_19_22_03_19_404.jpg,/home/hunglam/00_recovery_out/IMG/left_2021_07_19_22_03_19_404.jpg,/home/hunglam/00_recovery_out/IMG/right_2021_07_19_22_03_19_404.jpg,0,0,0,11.21272
/home/hunglam/00_recovery_out/IMG/center_2021_07_19_22_03_19_487.jpg,/home/hunglam/00_recovery_out/IMG/left_2021_07_19_22_03_19_487.jpg,/home/hunglam/00_recovery_out/IMG/right_2021_07_19_22_03_19_487.jpg,0,0.1948414,0,11.21256
/home/hunglam/00_recovery_out/IMG/center_2021_07_19_22_03_19_568.jpg,/home/hunglam/00_recovery_out/IMG/left_2021_07_19_22_03_19_568.jpg,/home/hunglam/00_recovery_out/IMG/right_2021_07_19_22_03_19_568.jpg,0,0.4350121,0,11.37596
/home/hunglam/00_recovery_out/IMG/center_2021_07_19_22_03_19_644.jpg,/home/hunglam/00_recovery_out/IMG/left_2021_07_19_22_03_19_644.jpg,/home/hunglam/00_recovery_out/IMG/right_2021_07_19_22_03_19_644.jpg,0,0.6731193,0,11.93844
/home/hunglam/00_recovery_out/IMG/center_2021_07_19_22_03_19_723.jpg,/home/hunglam/00_recovery_out/IMG/left_2021_07_19_22_03_19_723.jpg,/home/hunglam/00_recovery_out/IMG/right_2021_07_19_22_03_19_723.jpg,0,0.9101729,0,12.45922
/home/hunglam/00_recovery_out/IMG/center_2021_07_19_22_03_19_805.jpg,/home/hunglam/00_recovery_out/IMG/left_2021_07_19_22_03_19_805.jpg,/home/hunglam/00_recovery_out/IMG/right_2021_07_19_22_03_19_805.jpg,0,0.8592341,0,13.36167
/home/hunglam/00_recovery_out/IMG/center_2021_07_19_22_03_19_883.jpg,/home/hunglam/00_recovery_out/IMG/left_2021_07_19_22_03_19_883.jpg,/home/hunglam/00_recovery_out/IMG/right_2021_07_19_22_03_19_883.jpg,0,0.6251738,0,13.96906
/home/hunglam/00_recovery_out/IMG/center_2021_07_19_22_03_19_959.jpg,/home/hunglam/00_recovery_out/IMG/left_2021_07_19_22_03_19_959.jpg,/home/hunglam/00_recovery_out/IMG/right_2021_07_19_22_03_19_959.jpg,0,0.3887317,0,14.26896
/home/hunglam/00_recovery_out/IMG/center_2021_07_19_22_03_20_037.jpg,/home/hunglam/00_recovery_out/IMG/left_2021_07_19_22_03_20_037.jpg,/home/hunglam/00_recovery_out/IMG/right_2021_07_19_22_03_20_037.jpg,0,0.1554911,0,14.41091
/home/hunglam/00_recovery_out/IMG/center_2021_07_19_22_03_20_114.jpg,/home/hunglam/00_recovery_out/IMG/left_2021_07_19_22_03_20_114.jpg,/home/hunglam/00_recovery_out/IMG/right_2021_07_19_22_03_20_114.jpg,0,0,0,14.36745
/home/hunglam/00_recovery_out/IMG/center_2021_07_19_22_03_20_192.jpg,/home/hunglam/00_recovery_out/IMG/left_2021_07_19_22_03_20_192.jpg,/home/hunglam/00_recovery_out/IMG/right_2021_07_19_22_03_20_192.jpg,0,0,0,14.26587
/home/hunglam/00_recovery_out/IMG/center_2021_07_19_22_03_20_270.jpg,/home/hunglam/00_recovery_out/IMG/left_2021_07_19_22_03_20_270.jpg,/home/hunglam/00_recovery_out/IMG/right_2021_07_19_22_03_20_270.jpg,0,0,0,14.18471
/home/hunglam/00_recovery_out/IMG/center_2021_07_19_22_03_20_351.jpg,/home/hunglam/00_recovery_out/IMG/left_2021_07_19_22_03_20_351.jpg,/home/hunglam/00_recovery_out/IMG/right_2021_07_19_22_03_20_351.jpg,0,0.2789068,0,14.14046
/home/hunglam/00_recovery_out/IMG/center_2021_07_19_22_03_20_425.jpg,/home/hunglam/00_recovery_out/IMG/left_2021_07_19_22_03_20_425.jpg,/home/hunglam/00_recovery_out/IMG/right_2021_07_19_22_03_20_425.jpg,0,0.5087879,0,14.38317
/home/hunglam/00_recovery_out/IMG/center_2021_07_19_22_03_20_504.jpg,/home/hunglam/00_recovery_out/IMG/left_2021_07_19_22_03_20_504.jpg,/home/hunglam/00_recovery_out/IMG/right_2021_07_19_22_03_20_504.jpg,0,0.5584202,0,15.00877
/home/hunglam/00_recovery_out/IMG/center_2021_07_19_22_03_20_581.jpg,/home/hunglam/00_recovery_out/IMG/left_2021_07_19_22_03_20_581.jpg,/home/hunglam/00_recovery_out/IMG/right_2021_07_19_22_03_20_581.jpg,0,0.3272846,0,15.27936
/home/hunglam/00_recovery_out/IMG/center_2021_07_19_22_03_20_657.jpg,/home/hunglam/00_recovery_out/IMG/left_2021_07_19_22_03_20_657.jpg,/home/hunglam/00_recovery_out/IMG/right_2021_07_19_22_03_20_657.jpg,0,0.0986402,0,15.38032
/home/hunglam/00_recovery_out/IMG/center_2021_07_19_22_03_20_738.jpg,/home/hunglam/00_recovery_out/IMG/left_2021_07_19_22_03_20_738.jpg,/home/hunglam/00_recovery_out/IMG/right_2021_07_19_22_03_20_738.jpg,0,0,0,15.3052
/home/hunglam/00_recovery_out/IMG/center_2021_07_19_22_03_20_812.jpg,/home/hunglam/00_recovery_out/IMG/left_2021_07_19_22_03_20_812.jpg,/home/hunglam/00_recovery_out/IMG/right_2021_07_19_22_03_20_812.jpg,0,0,0,14.91635
/home/hunglam/00_recovery_out/IMG/center_2021_07_19_22_03_20_889.jpg,/home/hunglam/00_recovery_out/IMG/left_2021_07_19_22_03_20_889.jpg,/home/hunglam/00_recovery_out/IMG/right_2021_07_19_22_03_20_889.jpg,0,0,0,14.83176
/home/hunglam/00_recovery_out/IMG/center_2021_07_19_22_03_20_967.jpg,/home/hunglam/00_recovery_out/IMG/left_2021_07_19_22_03_20_967.jpg,/home/hunglam/00_recovery_out/IMG/right_2021_07_19_22_03_20_967.jpg,0,0,0,14.71472
/home/hunglam/00_recovery_out/IMG/center_2021_07_19_22_03_21_044.jpg,/home/hunglam/00_recovery_out/IMG/left_2021_07_19_22_03_21_044.jpg,/home/hunglam/00_recovery_out/IMG/right_2021_07_19_22_03_21_044.jpg,0,0,0,14.59782
/home/hunglam/00_recovery_out/IMG/center_2021_07_19_22_03_21_122.jpg,/home/hunglam/00_recovery_out/IMG/left_2021_07_19_22_03_21_122.jpg,/home/hunglam/00_recovery_out/IMG/right_2021_07_19_22_03_21_122.jpg,0,0,0,14.48183
/home/hunglam/00_recovery_out/IMG/center_2021_07_19_22_03_21_199.jpg,/home/hunglam/00_recovery_out/IMG/left_2021_07_19_22_03_21_199.jpg,/home/hunglam/00_recovery_out/IMG/right_2021_07_19_22_03_21_199.jpg,0,0.1849737,0,14.38317
/home/hunglam/00_recovery_out/IMG/center_2021_07_19_22_03_21_279.jpg,/home/hunglam/00_recovery_out/IMG/left_2021_07_19_22_03_21_279.jpg,/home/hunglam/00_recovery_out/IMG/right_2021_07_19_22_03_21_279.jpg,0,0.415962,0,14.68366
/home/hunglam/00_recovery_out/IMG/center_2021_07_19_22_03_21_354.jpg,/home/hunglam/00_recovery_out/IMG/left_2021_07_19_22_03_21_354.jpg,/home/hunglam/00_recovery_out/IMG/right_2021_07_19_22_03_21_354.jpg,0,0.601872,0,15.08449
/home/hunglam/00_recovery_out/IMG/center_2021_07_19_22_03_21_430.jpg,/home/hunglam/00_recovery_out/IMG/left_2021_07_19_22_03_21_430.jpg,/home/hunglam/00_recovery_out/IMG/right_2021_07_19_22_03_21_430.jpg,0,0.6885095,0,15.72941
/home/hunglam/00_recovery_out/IMG/center_2021_07_19_22_03_21_508.jpg,/home/hunglam/00_recovery_out/IMG/left_2021_07_19_22_03_21_508.jpg,/home/hunglam/00_recovery_out/IMG/right_2021_07_19_22_03_21_508.jpg,0,0.4537053,0,16.18601
/home/hunglam/00_recovery_out/IMG/center_2021_07_19_22_03_21_585.jpg,/home/hunglam/00_recovery_out/IMG/left_2021_07_19_22_03_21_585.jpg,/home/hunglam/00_recovery_out/IMG/right_2021_07_19_22_03_21_585.jpg,0,0.2223966,0,16.42435
/home/hunglam/00_recovery_out/IMG/center_2021_07_19_22_03_21_666.jpg,/home/hunglam/00_recovery_out/IMG/left_2021_07_19_22_03_21_666.jpg,/home/hunglam/00_recovery_out/IMG/right_2021_07_19_22_03_21_666.jpg,0,0,0,16.44585
/home/hunglam/00_recovery_out/IMG/center_2021_07_19_22_03_21_742.jpg,/home/hunglam/00_recovery_out/IMG/left_2021_07_19_22_03_21_742.jpg,/home/hunglam/00_recovery_out/IMG/right_2021_07_19_22_03_21_742.jpg,0,0,0,16.34009
/home/hunglam/00_recovery_out/IMG/center_2021_07_19_22_03_21_819.jpg,/home/hunglam/00_recovery_out/IMG/left_2021_07_19_22_03_21_819.jpg,/home/hunglam/00_recovery_out/IMG/right_2021_07_19_22_03_21_819.jpg,0,0,0,16.23868
/home/hunglam/00_recovery_out/IMG/center_2021_07_19_22_03_21_891.jpg,/home/hunglam/00_recovery_out/IMG/left_2021_07_19_22_03_21_891.jpg,/home/hunglam/00_recovery_out/IMG/right_2021_07_19_22_03_21_891.jpg,0,0,0,15.59985
/home/hunglam/00_recovery_out/IMG/center_2021_07_19_22_03_21_968.jpg,/home/hunglam/00_recovery_out/IMG/left_2021_07_19_22_03_21_968.jpg,/home/hunglam/00_recovery_out/IMG/right_2021_07_19_22_03_21_968.jpg,0,0,0,15.48936
/home/hunglam/00_recovery_out/IMG/center_2021_07_19_22_03_22_044.jpg,/home/hunglam/00_recovery_out/IMG/left_2021_07_19_22_03_22_044.jpg,/home/hunglam/00_recovery_out/IMG/right_2021_07_19_22_03_22_044.jpg,0,0.1825948,0,15.39242
/home/hunglam/00_recovery_out/IMG/center_2021_07_19_22_03_22_120.jpg,/home/hunglam/00_recovery_out/IMG/left_2021_07_19_22_03_22_120.jpg,/home/hunglam/00_recovery_out/IMG/right_2021_07_19_22_03_22_120.jpg,0,0.404274,0,15.64869
/home/hunglam/00_recovery_out/IMG/center_2021_07_19_22_03_22_193.jpg,/home/hunglam/00_recovery_out/IMG/left_2021_07_19_22_03_22_193.jpg,/home/hunglam/00_recovery_out/IMG/right_2021_07_19_22_03_22_193.jpg,0,0.4961636,0,16.25319
/home/hunglam/00_recovery_out/IMG/center_2021_07_19_22_03_22_269.jpg,/home/hunglam/00_recovery_out/IMG/left_2021_07_19_22_03_22_269.jpg,/home/hunglam/00_recovery_out/IMG/right_2021_07_19_22_03_22_269.jpg,0,0.2258935,0,16.57998
/home/hunglam/00_recovery_out/IMG/center_2021_07_19_22_03_22_343.jpg,/home/hunglam/00_recovery_out/IMG/left_2021_07_19_22_03_22_343.jpg,/home/hunglam/00_recovery_out/IMG/right_2021_07_19_22_03_22_343.jpg,0,0.00467062,0,16.58263
/home/hunglam/00_recovery_out/IMG/center_2021_07_19_22_03_22_419.jpg,/home/hunglam/00_recovery_out/IMG/left_2021_07_19_22_03_22_419.jpg,/home/hunglam/00_recovery_out/IMG/right_2021_07_19_22_03_22_419.jpg,0,0,0,16.45329
/home/hunglam/00_recovery_out/IMG/center_2021_07_19_22_03_22_492.jpg,/home/hunglam/00_recovery_out/IMG/left_2021_07_19_22_03_22_492.jpg,/home/hunglam/00_recovery_out/IMG/right_2021_07_19_22_03_22_492.jpg,0,0,0,15.80989
/home/hunglam/00_recovery_out/IMG/center_2021_07_19_22_03_22_567.jpg,/home/hunglam/00_recovery_out/IMG/left_2021_07_19_22_03_22_567.jpg,/home/hunglam/00_recovery_out/IMG/right_2021_07_19_22_03_22_567.jpg,0,0,0,15.68891
/home/hunglam/00_recovery_out/IMG/center_2021_07_19_22_03_22_641.jpg,/home/hunglam/00_recovery_out/IMG/left_2021_07_19_22_03_22_641.jpg,/home/hunglam/00_recovery_out/IMG/right_2021_07_19_22_03_22_641.jpg,0,0,0,15.57618
/home/hunglam/00_recovery_out/IMG/center_2021_07_19_22_03_22_716.jpg,/home/hunglam/00_recovery_out/IMG/left_2021_07_19_22_03_22_716.jpg,/home/hunglam/00_recovery_out/IMG/right_2021_07_19_22_03_22_716.jpg,0,0,0,15.46224
/home/hunglam/00_recovery_out/IMG/center_2021_07_19_22_03_22_791.jpg,/home/hunglam/00_recovery_out/IMG/left_2021_07_19_22_03_22_791.jpg,/home/hunglam/00_recovery_out/IMG/right_2021_07_19_22_03_22_791.jpg,0,0,0,15.89614
/home/hunglam/00_recovery_out/IMG/center_2021_07_19_22_03_22_865.jpg,/home/hunglam/00_recovery_out/IMG/left_2021_07_19_22_03_22_865.jpg,/home/hunglam/00_recovery_out/IMG/right_2021_07_19_22_03_22_865.jpg,0,0,0,15.77259
/home/hunglam/00_recovery_out/IMG/center_2021_07_19_22_03_22_939.jpg,/home/hunglam/00_recovery_out/IMG/left_2021_07_19_22_03_22_939.jpg,/home/hunglam/00_recovery_out/IMG/right_2021_07_19_22_03_22_939.jpg,0,0,0,15.64935
/home/hunglam/00_recovery_out/IMG/center_2021_07_19_22_03_23_017.jpg,/home/hunglam/00_recovery_out/IMG/left_2021_07_19_22_03_23_017.jpg,/home/hunglam/00_recovery_out/IMG/right_2021_07_19_22_03_23_017.jpg,0,0.2345037,0,15.59494
/home/hunglam/00_recovery_out/IMG/center_2021_07_19_22_03_23_090.jpg,/home/hunglam/00_recovery_out/IMG/left_2021_07_19_22_03_23_090.jpg,/home/hunglam/00_recovery_out/IMG/right_2021_07_19_22_03_23_090.jpg,0,0.4555228,0,15.35134
/home/hunglam/00_recovery_out/IMG/center_2021_07_19_22_03_23_164.jpg,/home/hunglam/00_recovery_out/IMG/left_2021_07_19_22_03_23_164.jpg,/home/hunglam/00_recovery_out/IMG/right_2021_07_19_22_03_23_164.jpg,0,0.2338464,0,15.55344
/home/hunglam/00_recovery_out/IMG/center_2021_07_19_22_03_23_237.jpg,/home/hunglam/00_recovery_out/IMG/left_2021_07_19_22_03_23_237.jpg,/home/hunglam/00_recovery_out/IMG/right_2021_07_19_22_03_23_237.jpg,0,0.01400971,0,15.42465
/home/hunglam/00_recovery_out/IMG/center_2021_07_19_22_03_23_306.jpg,/home/hunglam/00_recovery_out/IMG/left_2021_07_19_22_03_23_306.jpg,/home/hunglam/00_recovery_out/IMG/right_2021_07_19_22_03_23_306.jpg,0,0,0,15.88948
/home/hunglam/00_recovery_out/IMG/center_2021_07_19_22_03_23_382.jpg,/home/hunglam/00_recovery_out/IMG/left_2021_07_19_22_03_23_382.jpg,/home/hunglam/00_recovery_out/IMG/right_2021_07_19_22_03_23_382.jpg,0,0,0,15.7711
/home/hunglam/00_recovery_out/IMG/center_2021_07_19_22_03_23_454.jpg,/home/hunglam/00_recovery_out/IMG/left_2021_07_19_22_03_23_454.jpg,/home/hunglam/00_recovery_out/IMG/right_2021_07_19_22_03_23_454.jpg,0,0,0,15.13196
/home/hunglam/00_recovery_out/IMG/center_2021_07_19_22_03_23_528.jpg,/home/hunglam/00_recovery_out/IMG/left_2021_07_19_22_03_23_528.jpg,/home/hunglam/00_recovery_out/IMG/right_2021_07_19_22_03_23_528.jpg,0,0,0,15.04572
/home/hunglam/00_recovery_out/IMG/center_2021_07_19_22_03_23_602.jpg,/home/hunglam/00_recovery_out/IMG/left_2021_07_19_22_03_23_602.jpg,/home/hunglam/00_recovery_out/IMG/right_2021_07_19_22_03_23_602.jpg,0,0,0,14.93556
/home/hunglam/00_recovery_out/IMG/center_2021_07_19_22_03_23_675.jpg,/home/hunglam/00_recovery_out/IMG/left_2021_07_19_22_03_23_675.jpg,/home/hunglam/00_recovery_out/IMG/right_2021_07_19_22_03_23_675.jpg,0,0,0,14.81621
/home/hunglam/00_recovery_out/IMG/center_2021_07_19_22_03_23_752.jpg,/home/hunglam/00_recovery_out/IMG/left_2021_07_19_22_03_23_752.jpg,/home/hunglam/00_recovery_out/IMG/right_2021_07_19_22_03_23_752.jpg,0,0,0,15.24348
/home/hunglam/00_recovery_out/IMG/center_2021_07_19_22_03_23_824.jpg,/home/hunglam/00_recovery_out/IMG/left_2021_07_19_22_03_23_824.jpg,/home/hunglam/00_recovery_out/IMG/right_2021_07_19_22_03_23_824.jpg,0,0,0,15.12296
/home/hunglam/00_recovery_out/IMG/center_2021_07_19_22_03_23_899.jpg,/home/hunglam/00_recovery_out/IMG/left_2021_07_19_22_03_23_899.jpg,/home/hunglam/00_recovery_out/IMG/right_2021_07_19_22_03_23_899.jpg,0,0,0,15.0037
/home/hunglam/00_recovery_out/IMG/center_2021_07_19_22_03_23_972.jpg,/home/hunglam/00_recovery_out/IMG/left_2021_07_19_22_03_23_972.jpg,/home/hunglam/00_recovery_out/IMG/right_2021_07_19_22_03_23_972.jpg,0,0,0,14.40851
/home/hunglam/00_recovery_out/IMG/center_2021_07_19_22_03_24_047.jpg,/home/hunglam/00_recovery_out/IMG/left_2021_07_19_22_03_24_047.jpg,/home/hunglam/00_recovery_out/IMG/right_2021_07_19_22_03_24_047.jpg,0,0,0,14.29711
/home/hunglam/00_recovery_out/IMG/center_2021_07_19_22_03_24_120.jpg,/home/hunglam/00_recovery_out/IMG/left_2021_07_19_22_03_24_120.jpg,/home/hunglam/00_recovery_out/IMG/right_2021_07_19_22_03_24_120.jpg,0,0,0,14.18831
/home/hunglam/00_recovery_out/IMG/center_2021_07_19_22_03_24_193.jpg,/home/hunglam/00_recovery_out/IMG/left_2021_07_19_22_03_24_193.jpg,/home/hunglam/00_recovery_out/IMG/right_2021_07_19_22_03_24_193.jpg,0.01643192,0,0,14.59744
/home/hunglam/00_recovery_out/IMG/center_2021_07_19_22_03_24_269.jpg,/home/hunglam/00_recovery_out/IMG/left_2021_07_19_22_03_24_269.jpg,/home/hunglam/00_recovery_out/IMG/right_2021_07_19_22_03_24_269.jpg,0.03286385,0,0,14.48436
/home/hunglam/00_recovery_out/IMG/center_2021_07_19_22_03_24_342.jpg,/home/hunglam/00_recovery_out/IMG/left_2021_07_19_22_03_24_342.jpg,/home/hunglam/00_recovery_out/IMG/right_2021_07_19_22_03_24_342.jpg,0.03286385,0,0,14.37
/home/hunglam/00_recovery_out/IMG/center_2021_07_19_22_03_24_413.jpg,/home/hunglam/00_recovery_out/IMG/left_2021_07_19_22_03_24_413.jpg,/home/hunglam/00_recovery_out/IMG/right_2021_07_19_22_03_24_413.jpg,0.03286385,0,0,13.72147
/home/hunglam/00_recovery_out/IMG/center_2021_07_19_22_03_24_487.jpg,/home/hunglam/00_recovery_out/IMG/left_2021_07_19_22_03_24_487.jpg,/home/hunglam/00_recovery_out/IMG/right_2021_07_19_22_03_24_487.jpg,0.04460094,0,0,13.62958
/home/hunglam/00_recovery_out/IMG/center_2021_07_19_22_03_24_565.jpg,/home/hunglam/00_recovery_out/IMG/left_2021_07_19_22_03_24_565.jpg,/home/hunglam/00_recovery_out/IMG/right_2021_07_19_22_03_24_565.jpg,0.09154929,0,0,13.52562
/home/hunglam/00_recovery_out/IMG/center_2021_07_19_22_03_24_634.jpg,/home/hunglam/00_recovery_out/IMG/left_2021_07_19_22_03_24_634.jpg,/home/hunglam/00_recovery_out/IMG/right_2021_07_19_22_03_24_634.jpg,0.09389672,0,0,13.91817
/home/hunglam/00_recovery_out/IMG/center_2021_07_19_22_03_24_705.jpg,/home/hunglam/00_recovery_out/IMG/left_2021_07_19_22_03_24_705.jpg,/home/hunglam/00_recovery_out/IMG/right_2021_07_19_22_03_24_705.jpg,0.1314554,0,0,13.80812
/home/hunglam/00_recovery_out/IMG/center_2021_07_19_22_03_24_774.jpg,/home/hunglam/00_recovery_out/IMG/left_2021_07_19_22_03_24_774.jpg,/home/hunglam/00_recovery_out/IMG/right_2021_07_19_22_03_24_774.jpg,0.1338028,0,0,13.17798
/home/hunglam/00_recovery_out/IMG/center_2021_07_19_22_03_24_847.jpg,/home/hunglam/00_recovery_out/IMG/left_2021_07_19_22_03_24_847.jpg,/home/hunglam/00_recovery_out/IMG/right_2021_07_19_22_03_24_847.jpg,0.213615,0,0,13.04857
/home/hunglam/00_recovery_out/IMG/center_2021_07_19_22_03_24_919.jpg,/home/hunglam/00_recovery_out/IMG/left_2021_07_19_22_03_24_919.jpg,/home/hunglam/00_recovery_out/IMG/right_2021_07_19_22_03_24_919.jpg,0.2769953,0,0,12.99522
/home/hunglam/00_recovery_out/IMG/center_2021_07_19_22_03_24_988.jpg,/home/hunglam/00_recovery_out/IMG/left_2021_07_19_22_03_24_988.jpg,/home/hunglam/00_recovery_out/IMG/right_2021_07_19_22_03_24_988.jpg,0.2793427,0,0,13.38198
/home/hunglam/00_recovery_out/IMG/center_2021_07_19_22_03_25_065.jpg,/home/hunglam/00_recovery_out/IMG/left_2021_07_19_22_03_25_065.jpg,/home/hunglam/00_recovery_out/IMG/right_2021_07_19_22_03_25_065.jpg,0.2793427,0,0,13.27345
/home/hunglam/00_recovery_out/IMG/center_2021_07_19_22_03_25_134.jpg,/home/hunglam/00_recovery_out/IMG/left_2021_07_19_22_03_25_134.jpg,/home/hunglam/00_recovery_out/IMG/right_2021_07_19_22_03_25_134.jpg,0.2793427,0,0,12.65316
/home/hunglam/00_recovery_out/IMG/center_2021_07_19_22_03_25_211.jpg,/home/hunglam/00_recovery_out/IMG/left_2021_07_19_22_03_25_211.jpg,/home/hunglam/00_recovery_out/IMG/right_2021_07_19_22_03_25_211.jpg,0.2793427,0,0,12.53354
/home/hunglam/00_recovery_out/IMG/center_2021_07_19_22_03_25_283.jpg,/home/hunglam/00_recovery_out/IMG/left_2021_07_19_22_03_25_283.jpg,/home/hunglam/00_recovery_out/IMG/right_2021_07_19_22_03_25_283.jpg,0.2793427,0,0,12.5041
/home/hunglam/00_recovery_out/IMG/center_2021_07_19_22_03_25_351.jpg,/home/hunglam/00_recovery_out/IMG/left_2021_07_19_22_03_25_351.jpg,/home/hunglam/00_recovery_out/IMG/right_2021_07_19_22_03_25_351.jpg,0.2840376,0,0,12.91266
/home/hunglam/00_recovery_out/IMG/center_2021_07_19_22_03_25_424.jpg,/home/hunglam/00_recovery_out/IMG/left_2021_07_19_22_03_25_424.jpg,/home/hunglam/00_recovery_out/IMG/right_2021_07_19_22_03_25_424.jpg,0.2887324,0,0,12.76947
/home/hunglam/00_recovery_out/IMG/center_2021_07_19_22_03_25_491.jpg,/home/hunglam/00_recovery_out/IMG/left_2021_07_19_22_03_25_491.jpg,/home/hunglam/00_recovery_out/IMG/right_2021_07_19_22_03_25_491.jpg,0.2887324,0,0,12.14974
/home/hunglam/00_recovery_out/IMG/center_2021_07_19_22_03_25_562.jpg,/home/hunglam/00_recovery_out/IMG/left_2021_07_19_22_03_25_562.jpg,/home/hunglam/00_recovery_out/IMG/right_2021_07_19_22_03_25_562.jpg,0.2887324,0,0,12.04175
/home/hunglam/00_recovery_out/IMG/center_2021_07_19_22_03_25_640.jpg,/home/hunglam/00_recovery_out/IMG/left_2021_07_19_22_03_25_640.jpg,/home/hunglam/00_recovery_out/IMG/right_2021_07_19_22_03_25_640.jpg,0.2887324,0,0,11.93933
/home/hunglam/00_recovery_out/IMG/center_2021_07_19_22_03_25_718.jpg,/home/hunglam/00_recovery_out/IMG/left_2021_07_19_22_03_25_718.jpg,/home/hunglam/00_recovery_out/IMG/right_2021_07_19_22_03_25_718.jpg,0.2887324,0,0,11.83765
/home/hunglam/00_recovery_out/IMG/center_2021_07_19_22_03_25_790.jpg,/home/hunglam/00_recovery_out/IMG/left_2021_07_19_22_03_25_790.jpg,/home/hunglam/00_recovery_out/IMG/right_2021_07_19_22_03_25_790.jpg,0.2887324,0,0,12.30424
/home/hunglam/00_recovery_out/IMG/center_2021_07_19_22_03_25_866.jpg,/home/hunglam/00_recovery_out/IMG/left_2021_07_19_22_03_25_866.jpg,/home/hunglam/00_recovery_out/IMG/right_2021_07_19_22_03_25_866.jpg,0.2887324,0,0,12.2033
/home/hunglam/00_recovery_out/IMG/center_2021_07_19_22_03_25_942.jpg,/home/hunglam/00_recovery_out/IMG/left_2021_07_19_22_03_25_942.jpg,/home/hunglam/00_recovery_out/IMG/right_2021_07_19_22_03_25_942.jpg,0.2887324,0,0,12.1008
/home/hunglam/00_recovery_out/IMG/center_2021_07_19_22_03_26_025.jpg,/home/hunglam/00_recovery_out/IMG/left_2021_07_19_22_03_26_025.jpg,/home/hunglam/00_recovery_out/IMG/right_2021_07_19_22_03_26_025.jpg,0.2887324,0,0,12.00764
/home/hunglam/00_recovery_out/IMG/center_2021_07_19_22_03_26_101.jpg,/home/hunglam/00_recovery_out/IMG/left_2021_07_19_22_03_26_101.jpg,/home/hunglam/00_recovery_out/IMG/right_2021_07_19_22_03_26_101.jpg,0.2887324,0,0,11.91559
/home/hunglam/00_recovery_out/IMG/center_2021_07_19_22_03_26_179.jpg,/home/hunglam/00_recovery_out/IMG/left_2021_07_19_22_03_26_179.jpg,/home/hunglam/00_recovery_out/IMG/right_2021_07_19_22_03_26_179.jpg,0.2887324,0,0,11.82155
/home/hunglam/00_recovery_out/IMG/center_2021_07_19_22_03_26_255.jpg,/home/hunglam/00_recovery_out/IMG/left_2021_07_19_22_03_26_255.jpg,/home/hunglam/00_recovery_out/IMG/right_2021_07_19_22_03_26_255.jpg,0.2887324,0,0,11.5391
/home/hunglam/00_recovery_out/IMG/center_2021_07_19_22_03_26_333.jpg,/home/hunglam/00_recovery_out/IMG/left_2021_07_19_22_03_26_333.jpg,/home/hunglam/00_recovery_out/IMG/right_2021_07_19_22_03_26_333.jpg,0.2887324,0,0,11.76663
/home/hunglam/00_recovery_out/IMG/center_2021_07_19_22_03_26_412.jpg,/home/hunglam/00_recovery_out/IMG/left_2021_07_19_22_03_26_412.jpg,/home/hunglam/00_recovery_out/IMG/right_2021_07_19_22_03_26_412.jpg,0.2887324,0,0,11.53529
/home/hunglam/00_recovery_out/IMG/center_2021_07_19_22_03_26_487.jpg,/home/hunglam/00_recovery_out/IMG/left_2021_07_19_22_03_26_487.jpg,/home/hunglam/00_recovery_out/IMG/right_2021_07_19_22_03_26_487.jpg,0.2887324,0,0,11.22072
/home/hunglam/00_recovery_out/IMG/center_2021_07_19_22_03_26_558.jpg,/home/hunglam/00_recovery_out/IMG/left_2021_07_19_22_03_26_558.jpg,/home/hunglam/00_recovery_out/IMG/right_2021_07_19_22_03_26_558.jpg,0.2887324,0,0,11.23492
/home/hunglam/00_recovery_out/IMG/center_2021_07_19_22_03_26_629.jpg,/home/hunglam/00_recovery_out/IMG/left_2021_07_19_22_03_26_629.jpg,/home/hunglam/00_recovery_out/IMG/right_2021_07_19_22_03_26_629.jpg,0.2887324,0,0,11.14279
/home/hunglam/00_recovery_out/IMG/center_2021_07_19_22_03_26_698.jpg,/home/hunglam/00_recovery_out/IMG/left_2021_07_19_22_03_26_698.jpg,/home/hunglam/00_recovery_out/IMG/right_2021_07_19_22_03_26_698.jpg,0.2887324,0,0,11.05359
/home/hunglam/00_recovery_out/IMG/center_2021_07_19_22_03_26_766.jpg,/home/hunglam/00_recovery_out/IMG/left_2021_07_19_22_03_26_766.jpg,/home/hunglam/00_recovery_out/IMG/right_2021_07_19_22_03_26_766.jpg,0.2887324,0,0,10.98709
/home/hunglam/00_recovery_out/IMG/center_2021_07_19_22_03_26_836.jpg,/home/hunglam/00_recovery_out/IMG/left_2021_07_19_22_03_26_836.jpg,/home/hunglam/00_recovery_out/IMG/right_2021_07_19_22_03_26_836.jpg,0.2887324,0,0,10.89818
/home/hunglam/00_recovery_out/IMG/center_2021_07_19_22_03_26_907.jpg,/home/hunglam/00_recovery_out/IMG/left_2021_07_19_22_03_26_907.jpg,/home/hunglam/00_recovery_out/IMG/right_2021_07_19_22_03_26_907.jpg,0.2887324,0,0,10.83186
/home/hunglam/00_recovery_out/IMG/center_2021_07_19_22_03_26_979.jpg,/home/hunglam/00_recovery_out/IMG/left_2021_07_19_22_03_26_979.jpg,/home/hunglam/00_recovery_out/IMG/right_2021_07_19_22_03_26_979.jpg,0.2887324,0,0,10.74429
/home/hunglam/00_recovery_out/IMG/center_2021_07_19_22_03_27_051.jpg,/home/hunglam/00_recovery_out/IMG/left_2021_07_19_22_03_27_051.jpg,/home/hunglam/00_recovery_out/IMG/right_2021_07_19_22_03_27_051.jpg,0.2887324,0,0,10.67925
/home/hunglam/00_recovery_out/IMG/center_2021_07_19_22_03_27_121.jpg,/home/hunglam/00_recovery_out/IMG/left_2021_07_19_22_03_27_121.jpg,/home/hunglam/00_recovery_out/IMG/right_2021_07_19_22_03_27_121.jpg,0.2887324,0,0,10.59336
/home/hunglam/00_recovery_out/IMG/center_2021_07_19_22_03_27_194.jpg,/home/hunglam/00_recovery_out/IMG/left_2021_07_19_22_03_27_194.jpg,/home/hunglam/00_recovery_out/IMG/right_2021_07_19_22_03_27_194.jpg,0.2887324,0,0,10.52956
/home/hunglam/00_recovery_out/IMG/center_2021_07_19_22_03_27_266.jpg,/home/hunglam/00_recovery_out/IMG/left_2021_07_19_22_03_27_266.jpg,/home/hunglam/00_recovery_out/IMG/right_2021_07_19_22_03_27_266.jpg,0.2887324,0,0,10.44532
/home/hunglam/00_recovery_out/IMG/center_2021_07_19_22_03_27_338.jpg,/home/hunglam/00_recovery_out/IMG/left_2021_07_19_22_03_27_338.jpg,/home/hunglam/00_recovery_out/IMG/right_2021_07_19_22_03_27_338.jpg,0.2887324,0,0,10.36201
/home/hunglam/00_recovery_out/IMG/center_2021_07_19_22_03_27_408.jpg,/home/hunglam/00_recovery_out/IMG/left_2021_07_19_22_03_27_408.jpg,/home/hunglam/00_recovery_out/IMG/right_2021_07_19_22_03_27_408.jpg,0.2887324,0,0,10.29921
/home/hunglam/00_recovery_out/IMG/center_2021_07_19_22_03_27_482.jpg,/home/hunglam/00_recovery_out/IMG/left_2021_07_19_22_03_27_482.jpg,/home/hunglam/00_recovery_out/IMG/right_2021_07_19_22_03_27_482.jpg,0.2887324,0,0,10.21595
/home/hunglam/00_recovery_out/IMG/center_2021_07_19_22_03_27_552.jpg,/home/hunglam/00_recovery_out/IMG/left_2021_07_19_22_03_27_552.jpg,/home/hunglam/00_recovery_out/IMG/right_2021_07_19_22_03_27_552.jpg,0.2887324,0,0,10.15411
/home/hunglam/00_recovery_out/IMG/center_2021_07_19_22_03_27_625.jpg,/home/hunglam/00_recovery_out/IMG/left_2021_07_19_22_03_27_625.jpg,/home/hunglam/00_recovery_out/IMG/right_2021_07_19_22_03_27_625.jpg,0.2887324,0,0,10.07246
/home/hunglam/00_recovery_out/IMG/center_2021_07_19_22_03_27_699.jpg,/home/hunglam/00_recovery_out/IMG/left_2021_07_19_22_03_27_699.jpg,/home/hunglam/00_recovery_out/IMG/right_2021_07_19_22_03_27_699.jpg,0.2887324,0,0,9.991696
/home/hunglam/00_recovery_out/IMG/center_2021_07_19_22_03_27_773.jpg,/home/hunglam/00_recovery_out/IMG/left_2021_07_19_22_03_27_773.jpg,/home/hunglam/00_recovery_out/IMG/right_2021_07_19_22_03_27_773.jpg,0.2887324,0,0,9.931693
/home/hunglam/00_recovery_out/IMG/center_2021_07_19_22_03_27_850.jpg,/home/hunglam/00_recovery_out/IMG/left_2021_07_19_22_03_27_850.jpg,/home/hunglam/00_recovery_out/IMG/right_2021_07_19_22_03_27_850.jpg,0.3544601,0,0,9.847581
/home/hunglam/00_recovery_out/IMG/center_2021_07_19_22_03_27_926.jpg,/home/hunglam/00_recovery_out/IMG/left_2021_07_19_22_03_27_926.jpg,/home/hunglam/00_recovery_out/IMG/right_2021_07_19_22_03_27_926.jpg,0.3732394,0,0,9.761698
/home/hunglam/00_recovery_out/IMG/center_2021_07_19_22_03_28_003.jpg,/home/hunglam/00_recovery_out/IMG/left_2021_07_19_22_03_28_003.jpg,/home/hunglam/00_recovery_out/IMG/right_2021_07_19_22_03_28_003.jpg,0.3732394,0,0,9.680676
/home/hunglam/00_recovery_out/IMG/center_2021_07_19_22_03_28_081.jpg,/home/hunglam/00_recovery_out/IMG/left_2021_07_19_22_03_28_081.jpg,/home/hunglam/00_recovery_out/IMG/right_2021_07_19_22_03_28_081.jpg,0.3732394,0,0,9.601207
/home/hunglam/00_recovery_out/IMG/center_2021_07_19_22_03_28_158.jpg,/home/hunglam/00_recovery_out/IMG/left_2021_07_19_22_03_28_158.jpg,/home/hunglam/00_recovery_out/IMG/right_2021_07_19_22_03_28_158.jpg,0.3732394,0,0,9.523204
/home/hunglam/00_recovery_out/IMG/center_2021_07_19_22_03_28_238.jpg,/home/hunglam/00_recovery_out/IMG/left_2021_07_19_22_03_28_238.jpg,/home/hunglam/00_recovery_out/IMG/right_2021_07_19_22_03_28_238.jpg,0.3732394,0,0,9.446301
/home/hunglam/00_recovery_out/IMG/center_2021_07_19_22_03_28_315.jpg,/home/hunglam/00_recovery_out/IMG/left_2021_07_19_22_03_28_315.jpg,/home/hunglam/00_recovery_out/IMG/right_2021_07_19_22_03_28_315.jpg,0.3732394,0,0,9.370374
/home/hunglam/00_recovery_out/IMG/center_2021_07_19_22_03_28_390.jpg,/home/hunglam/00_recovery_out/IMG/left_2021_07_19_22_03_28_390.jpg,/home/hunglam/00_recovery_out/IMG/right_2021_07_19_22_03_28_390.jpg,0.3732394,0,0,9.314034
/home/hunglam/00_recovery_out/IMG/center_2021_07_19_22_03_28_468.jpg,/home/hunglam/00_recovery_out/IMG/left_2021_07_19_22_03_28_468.jpg,/home/hunglam/00_recovery_out/IMG/right_2021_07_19_22_03_28_468.jpg,0.3732394,0,0,9.239702
/home/hunglam/00_recovery_out/IMG/center_2021_07_19_22_03_28_543.jpg,/home/hunglam/00_recovery_out/IMG/left_2021_07_19_22_03_28_543.jpg,/home/hunglam/00_recovery_out/IMG/right_2021_07_19_22_03_28_543.jpg,0.3732394,0,0,9.166254
/home/hunglam/00_recovery_out/IMG/center_2021_07_19_22_03_28_618.jpg,/home/hunglam/00_recovery_out/IMG/left_2021_07_19_22_03_28_618.jpg,/home/hunglam/00_recovery_out/IMG/right_2021_07_19_22_03_28_618.jpg,0.3732394,0,0,9.093676
/home/hunglam/00_recovery_out/IMG/center_2021_07_19_22_03_28_690.jpg,/home/hunglam/00_recovery_out/IMG/left_2021_07_19_22_03_28_690.jpg,/home/hunglam/00_recovery_out/IMG/right_2021_07_19_22_03_28_690.jpg,0.3732394,0,0,9.0387
/home/hunglam/00_recovery_out/IMG/center_2021_07_19_22_03_28_764.jpg,/home/hunglam/00_recovery_out/IMG/left_2021_07_19_22_03_28_764.jpg,/home/hunglam/00_recovery_out/IMG/right_2021_07_19_22_03_28_764.jpg,0.3732394,0,0,8.965904
/home/hunglam/00_recovery_out/IMG/center_2021_07_19_22_03_28_836.jpg,/home/hunglam/00_recovery_out/IMG/left_2021_07_19_22_03_28_836.jpg,/home/hunglam/00_recovery_out/IMG/right_2021_07_19_22_03_28_836.jpg,0.3732394,0,0,8.893941
/home/hunglam/00_recovery_out/IMG/center_2021_07_19_22_03_28_911.jpg,/home/hunglam/00_recovery_out/IMG/left_2021_07_19_22_03_28_911.jpg,/home/hunglam/00_recovery_out/IMG/right_2021_07_19_22_03_28_911.jpg,0.3732394,0,0,8.840516
/home/hunglam/00_recovery_out/IMG/center_2021_07_19_22_03_28_987.jpg,/home/hunglam/00_recovery_out/IMG/left_2021_07_19_22_03_28_987.jpg,/home/hunglam/00_recovery_out/IMG/right_2021_07_19_22_03_28_987.jpg,0.3732394,0,0,8.770002
/home/hunglam/00_recovery_out/IMG/center_2021_07_19_22_03_29_063.jpg,/home/hunglam/00_recovery_out/IMG/left_2021_07_19_22_03_29_063.jpg,/home/hunglam/00_recovery_out/IMG/right_2021_07_19_22_03_29_063.jpg,0.3732394,0,0,8.700306
/home/hunglam/00_recovery_out/IMG/center_2021_07_19_22_03_29_139.jpg,/home/hunglam/00_recovery_out/IMG/left_2021_07_19_22_03_29_139.jpg,/home/hunglam/00_recovery_out/IMG/right_2021_07_19_22_03_29_139.jpg,0.3732394,0,0,8.631419
/home/hunglam/00_recovery_out/IMG/center_2021_07_19_22_03_29_214.jpg,/home/hunglam/00_recovery_out/IMG/left_2021_07_19_22_03_29_214.jpg,/home/hunglam/00_recovery_out/IMG/right_2021_07_19_22_03_29_214.jpg,0.3732394,0,0,8.580279
/home/hunglam/00_recovery_out/IMG/center_2021_07_19_22_03_29_290.jpg,/home/hunglam/00_recovery_out/IMG/left_2021_07_19_22_03_29_290.jpg,/home/hunglam/00_recovery_out/IMG/right_2021_07_19_22_03_29_290.jpg,0.3732394,0,0,8.512786
/home/hunglam/00_recovery_out/IMG/center_2021_07_19_22_03_29_367.jpg,/home/hunglam/00_recovery_out/IMG/left_2021_07_19_22_03_29_367.jpg,/home/hunglam/00_recovery_out/IMG/right_2021_07_19_22_03_29_367.jpg,0.370892,0,0,8.445542
/home/hunglam/00_recovery_out/IMG/center_2021_07_19_22_03_29_443.jpg,/home/hunglam/00_recovery_out/IMG/left_2021_07_19_22_03_29_443.jpg,/home/hunglam/00_recovery_out/IMG/right_2021_07_19_22_03_29_443.jpg,0.370892,0,0,8.377934
/home/hunglam/00_recovery_out/IMG/center_2021_07_19_22_03_29_520.jpg,/home/hunglam/00_recovery_out/IMG/left_2021_07_19_22_03_29_520.jpg,/home/hunglam/00_recovery_out/IMG/right_2021_07_19_22_03_29_520.jpg,0.370892,0,0,8.310942
/home/hunglam/00_recovery_out/IMG/center_2021_07_19_22_03_29_596.jpg,/home/hunglam/00_recovery_out/IMG/left_2021_07_19_22_03_29_596.jpg,/home/hunglam/00_recovery_out/IMG/right_2021_07_19_22_03_29_596.jpg,0.370892,0,0,8.244665
/home/hunglam/00_recovery_out/IMG/center_2021_07_19_22_03_29_670.jpg,/home/hunglam/00_recovery_out/IMG/left_2021_07_19_22_03_29_670.jpg,/home/hunglam/00_recovery_out/IMG/right_2021_07_19_22_03_29_670.jpg,0.370892,0,0,8.195311
/home/hunglam/00_recovery_out/IMG/center_2021_07_19_22_03_29_746.jpg,/home/hunglam/00_recovery_out/IMG/left_2021_07_19_22_03_29_746.jpg,/home/hunglam/00_recovery_out/IMG/right_2021_07_19_22_03_29_746.jpg,0.3732394,0,0,8.12927
/home/hunglam/00_recovery_out/IMG/center_2021_07_19_22_03_29_822.jpg,/home/hunglam/00_recovery_out/IMG/left_2021_07_19_22_03_29_822.jpg,/home/hunglam/00_recovery_out/IMG/right_2021_07_19_22_03_29_822.jpg,0.3732394,0,0,8.063771
/home/hunglam/00_recovery_out/IMG/center_2021_07_19_22_03_29_898.jpg,/home/hunglam/00_recovery_out/IMG/left_2021_07_19_22_03_29_898.jpg,/home/hunglam/00_recovery_out/IMG/right_2021_07_19_22_03_29_898.jpg,0.3732394,0,0,7.998804
/home/hunglam/00_recovery_out/IMG/center_2021_07_19_22_03_29_977.jpg,/home/hunglam/00_recovery_out/IMG/left_2021_07_19_22_03_29_977.jpg,/home/hunglam/00_recovery_out/IMG/right_2021_07_19_22_03_29_977.jpg,0.370892,0,0,7.934121
/home/hunglam/00_recovery_out/IMG/center_2021_07_19_22_03_30_055.jpg,/home/hunglam/00_recovery_out/IMG/left_2021_07_19_22_03_30_055.jpg,/home/hunglam/00_recovery_out/IMG/right_2021_07_19_22_03_30_055.jpg,0.370892,0,0,7.870157
/home/hunglam/00_recovery_out/IMG/center_2021_07_19_22_03_30_135.jpg,/home/hunglam/00_recovery_out/IMG/left_2021_07_19_22_03_30_135.jpg,/home/hunglam/00_recovery_out/IMG/right_2021_07_19_22_03_30_135.jpg,0.370892,0,0,7.806313
/home/hunglam/00_recovery_out/IMG/center_2021_07_19_22_03_30_213.jpg,/home/hunglam/00_recovery_out/IMG/left_2021_07_19_22_03_30_213.jpg,/home/hunglam/00_recovery_out/IMG/right_2021_07_19_22_03_30_213.jpg,0.3685446,0,0,7.758837
/home/hunglam/00_recovery_out/IMG/center_2021_07_19_22_03_30_293.jpg,/home/hunglam/00_recovery_out/IMG/left_2021_07_19_22_03_30_293.jpg,/home/hunglam/00_recovery_out/IMG/right_2021_07_19_22_03_30_293.jpg,0.3685446,0,0,7.696256
/home/hunglam/00_recovery_out/IMG/center_2021_07_19_22_03_30_373.jpg,/home/hunglam/00_recovery_out/IMG/left_2021_07_19_22_03_30_373.jpg,/home/hunglam/00_recovery_out/IMG/right_2021_07_19_22_03_30_373.jpg,0.3685446,0,0,7.634129
/home/hunglam/00_recovery_out/IMG/center_2021_07_19_22_03_30_440.jpg,/home/hunglam/00_recovery_out/IMG/left_2021_07_19_22_03_30_440.jpg,/home/hunglam/00_recovery_out/IMG/right_2021_07_19_22_03_30_440.jpg,0.3685446,0,0,7.572474
/home/hunglam/00_recovery_out/IMG/center_2021_07_19_22_03_30_508.jpg,/home/hunglam/00_recovery_out/IMG/left_2021_07_19_22_03_30_508.jpg,/home/hunglam/00_recovery_out/IMG/right_2021_07_19_22_03_30_508.jpg,0.3685446,0,0,7.526554
/home/hunglam/00_recovery_out/IMG/center_2021_07_19_22_03_30_587.jpg,/home/hunglam/00_recovery_out/IMG/left_2021_07_19_22_03_30_587.jpg,/home/hunglam/00_recovery_out/IMG/right_2021_07_19_22_03_30_587.jpg,0.3685446,0,0,7.465764
/home/hunglam/00_recovery_out/IMG/center_2021_07_19_22_03_30_654.jpg,/home/hunglam/00_recovery_out/IMG/left_2021_07_19_22_03_30_654.jpg,/home/hunglam/00_recovery_out/IMG/right_2021_07_19_22_03_30_654.jpg,0.3685446,0,0,7.420493
/home/hunglam/00_recovery_out/IMG/center_2021_07_19_22_03_30_722.jpg,/home/hunglam/00_recovery_out/IMG/left_2021_07_19_22_03_30_722.jpg,/home/hunglam/00_recovery_out/IMG/right_2021_07_19_22_03_30_722.jpg,0.3661972,0,0,7.360758
/home/hunglam/00_recovery_out/IMG/center_2021_07_19_22_03_30_789.jpg,/home/hunglam/00_recovery_out/IMG/left_2021_07_19_22_03_30_789.jpg,/home/hunglam/00_recovery_out/IMG/right_2021_07_19_22_03_30_789.jpg,0.3568075,0,0,7.316761
/home/hunglam/00_recovery_out/IMG/center_2021_07_19_22_03_30_858.jpg,/home/hunglam/00_recovery_out/IMG/left_2021_07_19_22_03_30_858.jpg,/home/hunglam/00_recovery_out/IMG/right_2021_07_19_22_03_30_858.jpg,0.3380281,0,0,7.259533
/home/hunglam/00_recovery_out/IMG/center_2021_07_19_22_03_30_926.jpg,/home/hunglam/00_recovery_out/IMG/left_2021_07_19_22_03_30_926.jpg,/home/hunglam/00_recovery_out/IMG/right_2021_07_19_22_03_30_926.jpg,0.3380281,0,0,7.216199
/home/hunglam/00_recovery_out/IMG/center_2021_07_19_22_03_30_994.jpg,/home/hunglam/00_recovery_out/IMG/left_2021_07_19_22_03_30_994.jpg,/home/hunglam/00_recovery_out/IMG/right_2021_07_19_22_03_30_994.jpg,0.3309859,0,0,7.173031
/home/hunglam/00_recovery_out/IMG/center_2021_07_19_22_03_31_063.jpg,/home/hunglam/00_recovery_out/IMG/left_2021_07_19_22_03_31_063.jpg,/home/hunglam/00_recovery_out/IMG/right_2021_07_19_22_03_31_063.jpg,0.3051643,0,0,7.11689
/home/hunglam/00_recovery_out/IMG/center_2021_07_19_22_03_31_131.jpg,/home/hunglam/00_recovery_out/IMG/left_2021_07_19_22_03_31_131.jpg,/home/hunglam/00_recovery_out/IMG/right_2021_07_19_22_03_31_131.jpg,0.2816902,0,0,7.075365
/home/hunglam/00_recovery_out/IMG/center_2021_07_19_22_03_31_201.jpg,/home/hunglam/00_recovery_out/IMG/left_2021_07_19_22_03_31_201.jpg,/home/hunglam/00_recovery_out/IMG/right_2021_07_19_22_03_31_201.jpg,0.1784038,0,0,7.02171
/home/hunglam/00_recovery_out/IMG/center_2021_07_19_22_03_31_270.jpg,/home/hunglam/00_recovery_out/IMG/left_2021_07_19_22_03_31_270.jpg,/home/hunglam/00_recovery_out/IMG/right_2021_07_19_22_03_31_270.jpg,0.06103287,0,0,6.978939
/home/hunglam/00_recovery_out/IMG/center_2021_07_19_22_03_31_341.jpg,/home/hunglam/00_recovery_out/IMG/left_2021_07_19_22_03_31_341.jpg,/home/hunglam/00_recovery_out/IMG/right_2021_07_19_22_03_31_341.jpg,0.03755869,0,0,6.922107
/home/hunglam/00_recovery_out/IMG/center_2021_07_19_22_03_31_411.jpg,/home/hunglam/00_recovery_out/IMG/left_2021_07_19_22_03_31_411.jpg,/home/hunglam/00_recovery_out/IMG/right_2021_07_19_22_03_31_411.jpg,0.03521127,0,0,6.880434
/home/hunglam/00_recovery_out/IMG/center_2021_07_19_22_03_31_482.jpg,/home/hunglam/00_recovery_out/IMG/left_2021_07_19_22_03_31_482.jpg,/home/hunglam/00_recovery_out/IMG/right_2021_07_19_22_03_31_482.jpg,0.03521127,0,0,6.825217
/home/hunglam/00_recovery_out/IMG/center_2021_07_19_22_03_31_561.jpg,/home/hunglam/00_recovery_out/IMG/left_2021_07_19_22_03_31_561.jpg,/home/hunglam/00_recovery_out/IMG/right_2021_07_19_22_03_31_561.jpg,0.03521127,0,0,6.770402
/home/hunglam/00_recovery_out/IMG/center_2021_07_19_22_03_31_641.jpg,/home/hunglam/00_recovery_out/IMG/left_2021_07_19_22_03_31_641.jpg,/home/hunglam/00_recovery_out/IMG/right_2021_07_19_22_03_31_641.jpg,0.03521127,0,0,6.716012
/home/hunglam/00_recovery_out/IMG/center_2021_07_19_22_03_31_709.jpg,/home/hunglam/00_recovery_out/IMG/left_2021_07_19_22_03_31_709.jpg,/home/hunglam/00_recovery_out/IMG/right_2021_07_19_22_03_31_709.jpg,0.03521127,0,0,6.675504
/home/hunglam/00_recovery_out/IMG/center_2021_07_19_22_03_31_778.jpg,/home/hunglam/00_recovery_out/IMG/left_2021_07_19_22_03_31_778.jpg,/home/hunglam/00_recovery_out/IMG/right_2021_07_19_22_03_31_778.jpg,0.03521127,0,0,6.621872
/home/hunglam/00_recovery_out/IMG/center_2021_07_19_22_03_31_847.jpg,/home/hunglam/00_recovery_out/IMG/left_2021_07_19_22_03_31_847.jpg,/home/hunglam/00_recovery_out/IMG/right_2021_07_19_22_03_31_847.jpg,0.03521127,0,0,6.581931
/home/hunglam/00_recovery_out/IMG/center_2021_07_19_22_03_31_916.jpg,/home/hunglam/00_recovery_out/IMG/left_2021_07_19_22_03_31_916.jpg,/home/hunglam/00_recovery_out/IMG/right_2021_07_19_22_03_31_916.jpg,0.03521127,0,0,6.529048
/home/hunglam/00_recovery_out/IMG/center_2021_07_19_22_03_31_986.jpg,/home/hunglam/00_recovery_out/IMG/left_2021_07_19_22_03_31_986.jpg,/home/hunglam/00_recovery_out/IMG/right_2021_07_19_22_03_31_986.jpg,0.03521127,0,0,6.489549
/home/hunglam/00_recovery_out/IMG/center_2021_07_19_22_03_32_055.jpg,/home/hunglam/00_recovery_out/IMG/left_2021_07_19_22_03_32_055.jpg,/home/hunglam/00_recovery_out/IMG/right_2021_07_19_22_03_32_055.jpg,0.04225352,0,0,6.437107
/home/hunglam/00_recovery_out/IMG/center_2021_07_19_22_03_32_124.jpg,/home/hunglam/00_recovery_out/IMG/left_2021_07_19_22_03_32_124.jpg,/home/hunglam/00_recovery_out/IMG/right_2021_07_19_22_03_32_124.jpg,0.04694836,0,0,6.398045
/home/hunglam/00_recovery_out/IMG/center_2021_07_19_22_03_32_192.jpg,/home/hunglam/00_recovery_out/IMG/left_2021_07_19_22_03_32_192.jpg,/home/hunglam/00_recovery_out/IMG/right_2021_07_19_22_03_32_192.jpg,0.05868544,0,0,6.359201
/home/hunglam/00_recovery_out/IMG/center_2021_07_19_22_03_32_272.jpg,/home/hunglam/00_recovery_out/IMG/left_2021_07_19_22_03_32_272.jpg,/home/hunglam/00_recovery_out/IMG/right_2021_07_19_22_03_32_272.jpg,0.0657277,0,0,6.307893
/home/hunglam/00_recovery_out/IMG/center_2021_07_19_22_03_32_350.jpg,/home/hunglam/00_recovery_out/IMG/left_2021_07_19_22_03_32_350.jpg,/home/hunglam/00_recovery_out/IMG/right_2021_07_19_22_03_32_350.jpg,0.06807512,0,0,6.257091
/home/hunglam/00_recovery_out/IMG/center_2021_07_19_22_03_32_429.jpg,/home/hunglam/00_recovery_out/IMG/left_2021_07_19_22_03_32_429.jpg,/home/hunglam/00_recovery_out/IMG/right_2021_07_19_22_03_32_429.jpg,0.06807512,0,0,6.206791
/home/hunglam/00_recovery_out/IMG/center_2021_07_19_22_03_32_507.jpg,/home/hunglam/00_recovery_out/IMG/left_2021_07_19_22_03_32_507.jpg,/home/hunglam/00_recovery_out/IMG/right_2021_07_19_22_03_32_507.jpg,0.06807512,0,0,6.156918
/home/hunglam/00_recovery_out/IMG/center_2021_07_19_22_03_32_586.jpg,/home/hunglam/00_recovery_out/IMG/left_2021_07_19_22_03_32_586.jpg,/home/hunglam/00_recovery_out/IMG/right_2021_07_19_22_03_32_586.jpg,0.06807512,0,0,6.10745
/home/hunglam/00_recovery_out/IMG/center_2021_07_19_22_03_32_664.jpg,/home/hunglam/00_recovery_out/IMG/left_2021_07_19_22_03_32_664.jpg,/home/hunglam/00_recovery_out/IMG/right_2021_07_19_22_03_32_664.jpg,0.06807512,0,0,6.058383
/home/hunglam/00_recovery_out/IMG/center_2021_07_19_22_03_32_741.jpg,/home/hunglam/00_recovery_out/IMG/left_2021_07_19_22_03_32_741.jpg,/home/hunglam/00_recovery_out/IMG/right_2021_07_19_22_03_32_741.jpg,0.06807512,0,0,6.009708
/home/hunglam/00_recovery_out/IMG/center_2021_07_19_22_03_32_820.jpg,/home/hunglam/00_recovery_out/IMG/left_2021_07_19_22_03_32_820.jpg,/home/hunglam/00_recovery_out/IMG/right_2021_07_19_22_03_32_820.jpg,0.06807512,0,0,5.961426
/home/hunglam/00_recovery_out/IMG/center_2021_07_19_22_03_32_887.jpg,/home/hunglam/00_recovery_out/IMG/left_2021_07_19_22_03_32_887.jpg,/home/hunglam/00_recovery_out/IMG/right_2021_07_19_22_03_32_887.jpg,0.06807512,0,0,5.925468
/home/hunglam/00_recovery_out/IMG/center_2021_07_19_22_03_32_955.jpg,/home/hunglam/00_recovery_out/IMG/left_2021_07_19_22_03_32_955.jpg,/home/hunglam/00_recovery_out/IMG/right_2021_07_19_22_03_32_955.jpg,0.06807512,0,0,5.877863
/home/hunglam/00_recovery_out/IMG/center_2021_07_19_22_03_33_022.jpg,/home/hunglam/00_recovery_out/IMG/left_2021_07_19_22_03_33_022.jpg,/home/hunglam/00_recovery_out/IMG/right_2021_07_19_22_03_33_022.jpg,0.06807512,0,0,5.842408
/home/hunglam/00_recovery_out/IMG/center_2021_07_19_22_03_33_092.jpg,/home/hunglam/00_recovery_out/IMG/left_2021_07_19_22_03_33_092.jpg,/home/hunglam/00_recovery_out/IMG/right_2021_07_19_22_03_33_092.jpg,0.06807512,0,0,5.807165
/home/hunglam/00_recovery_out/IMG/center_2021_07_19_22_03_33_162.jpg,/home/hunglam/00_recovery_out/IMG/left_2021_07_19_22_03_33_162.jpg,/home/hunglam/00_recovery_out/IMG/right_2021_07_19_22_03_33_162.jpg,0.06807512,0,0,5.760508
/home/hunglam/00_recovery_out/IMG/center_2021_07_19_22_03_33_233.jpg,/home/hunglam/00_recovery_out/IMG/left_2021_07_19_22_03_33_233.jpg,/home/hunglam/00_recovery_out/IMG/right_2021_07_19_22_03_33_233.jpg,0.06807512,0,0,5.725764
/home/hunglam/00_recovery_out/IMG/center_2021_07_19_22_03_33_303.jpg,/home/hunglam/00_recovery_out/IMG/left_2021_07_19_22_03_33_303.jpg,/home/hunglam/00_recovery_out/IMG/right_2021_07_19_22_03_33_303.jpg,0.08215962,0,0,5.679537
/home/hunglam/00_recovery_out/IMG/center_2021_07_19_22_03_33_372.jpg,/home/hunglam/00_recovery_out/IMG/left_2021_07_19_22_03_33_372.jpg,/home/hunglam/00_recovery_out/IMG/right_2021_07_19_22_03_33_372.jpg,0.1032864,0,0,5.644551
/home/hunglam/00_recovery_out/IMG/center_2021_07_19_22_03_33_441.jpg,/home/hunglam/00_recovery_out/IMG/left_2021_07_19_22_03_33_441.jpg,/home/hunglam/00_recovery_out/IMG/right_2021_07_19_22_03_33_441.jpg,0.1056338,0,0,5.598718
/home/hunglam/00_recovery_out/IMG/center_2021_07_19_22_03_33_511.jpg,/home/hunglam/00_recovery_out/IMG/left_2021_07_19_22_03_33_511.jpg,/home/hunglam/00_recovery_out/IMG/right_2021_07_19_22_03_33_511.jpg,0.1056338,0,0,5.564895
/home/hunglam/00_recovery_out/IMG/center_2021_07_19_22_03_33_578.jpg,/home/hunglam/00_recovery_out/IMG/left_2021_07_19_22_03_33_578.jpg,/home/hunglam/00_recovery_out/IMG/right_2021_07_19_22_03_33_578.jpg,0.1079812,0,0,5.520135
/home/hunglam/00_recovery_out/IMG/center_2021_07_19_22_03_33_645.jpg,/home/hunglam/00_recovery_out/IMG/left_2021_07_19_22_03_33_645.jpg,/home/hunglam/00_recovery_out/IMG/right_2021_07_19_22_03_33_645.jpg,0.1173709,0,0,5.486705
/home/hunglam/00_recovery_out/IMG/center_2021_07_19_22_03_33_724.jpg,/home/hunglam/00_recovery_out/IMG/left_2021_07_19_22_03_33_724.jpg,/home/hunglam/00_recovery_out/IMG/right_2021_07_19_22_03_33_724.jpg,0.1244131,0,0,5.442328
/home/hunglam/00_recovery_out/IMG/center_2021_07_19_22_03_33_803.jpg,/home/hunglam/00_recovery_out/IMG/left_2021_07_19_22_03_33_803.jpg,/home/hunglam/00_recovery_out/IMG/right_2021_07_19_22_03_33_803.jpg,0.1244131,0,0,5.398507
/home/hunglam/00_recovery_out/IMG/center_2021_07_19_22_03_33_882.jpg,/home/hunglam/00_recovery_out/IMG/left_2021_07_19_22_03_33_882.jpg,/home/hunglam/00_recovery_out/IMG/right_2021_07_19_22_03_33_882.jpg,0.1267606,0,0,5.355097
/home/hunglam/00_recovery_out/IMG/center_2021_07_19_22_03_33_949.jpg,/home/hunglam/00_recovery_out/IMG/left_2021_07_19_22_03_33_949.jpg,/home/hunglam/00_recovery_out/IMG/right_2021_07_19_22_03_33_949.jpg,0.1361502,0,0,5.322596
/home/hunglam/00_recovery_out/IMG/center_2021_07_19_22_03_34_027.jpg,/home/hunglam/00_recovery_out/IMG/left_2021_07_19_22_03_34_027.jpg,/home/hunglam/00_recovery_out/IMG/right_2021_07_19_22_03_34_027.jpg,0.1431925,0,0,5.279533
/home/hunglam/00_recovery_out/IMG/center_2021_07_19_22_03_34_106.jpg,/home/hunglam/00_recovery_out/IMG/left_2021_07_19_22_03_34_106.jpg,/home/hunglam/00_recovery_out/IMG/right_2021_07_19_22_03_34_106.jpg,0.1431925,0,0,5.237017
/home/hunglam/00_recovery_out/IMG/center_2021_07_19_22_03_34_184.jpg,/home/hunglam/00_recovery_out/IMG/left_2021_07_19_22_03_34_184.jpg,/home/hunglam/00_recovery_out/IMG/right_2021_07_19_22_03_34_184.jpg,0.1431925,0,0,5.194924
/home/hunglam/00_recovery_out/IMG/center_2021_07_19_22_03_34_264.jpg,/home/hunglam/00_recovery_out/IMG/left_2021_07_19_22_03_34_264.jpg,/home/hunglam/00_recovery_out/IMG/right_2021_07_19_22_03_34_264.jpg,0.1431925,0,0,5.153194
/home/hunglam/00_recovery_out/IMG/center_2021_07_19_22_03_34_330.jpg,/home/hunglam/00_recovery_out/IMG/left_2021_07_19_22_03_34_330.jpg,/home/hunglam/00_recovery_out/IMG/right_2021_07_19_22_03_34_330.jpg,0.1431925,0,0,5.122119
/home/hunglam/00_recovery_out/IMG/center_2021_07_19_22_03_34_399.jpg,/home/hunglam/00_recovery_out/IMG/left_2021_07_19_22_03_34_399.jpg,/home/hunglam/00_recovery_out/IMG/right_2021_07_19_22_03_34_399.jpg,0.1431925,0,0,5.080981
/home/hunglam/00_recovery_out/IMG/center_2021_07_19_22_03_34_468.jpg,/home/hunglam/00_recovery_out/IMG/left_2021_07_19_22_03_34_468.jpg,/home/hunglam/00_recovery_out/IMG/right_2021_07_19_22_03_34_468.jpg,0.1431925,0,0,5.050301
/home/hunglam/00_recovery_out/IMG/center_2021_07_19_22_03_34_537.jpg,/home/hunglam/00_recovery_out/IMG/left_2021_07_19_22_03_34_537.jpg,/home/hunglam/00_recovery_out/IMG/right_2021_07_19_22_03_34_537.jpg,0.1431925,0,0,5.009573
/home/hunglam/00_recovery_out/IMG/center_2021_07_19_22_03_34_606.jpg,/home/hunglam/00_recovery_out/IMG/left_2021_07_19_22_03_34_606.jpg,/home/hunglam/00_recovery_out/IMG/right_2021_07_19_22_03_34_606.jpg,0.1431925,0,0,4.979241
/home/hunglam/00_recovery_out/IMG/center_2021_07_19_22_03_34_673.jpg,/home/hunglam/00_recovery_out/IMG/left_2021_07_19_22_03_34_673.jpg,/home/hunglam/00_recovery_out/IMG/right_2021_07_19_22_03_34_673.jpg,0.1431925,0,0,4.949092
/home/hunglam/00_recovery_out/IMG/center_2021_07_19_22_03_34_753.jpg,/home/hunglam/00_recovery_out/IMG/left_2021_07_19_22_03_34_753.jpg,/home/hunglam/00_recovery_out/IMG/right_2021_07_19_22_03_34_753.jpg,0.1431925,0,0,4.909339
/home/hunglam/00_recovery_out/IMG/center_2021_07_19_22_03_34_832.jpg,/home/hunglam/00_recovery_out/IMG/left_2021_07_19_22_03_34_832.jpg,/home/hunglam/00_recovery_out/IMG/right_2021_07_19_22_03_34_832.jpg,0.1431925,0,0,4.869905
/home/hunglam/00_recovery_out/IMG/center_2021_07_19_22_03_34_908.jpg,/home/hunglam/00_recovery_out/IMG/left_2021_07_19_22_03_34_908.jpg,/home/hunglam/00_recovery_out/IMG/right_2021_07_19_22_03_34_908.jpg,0.1431925,0,0,4.830787
/home/hunglam/00_recovery_out/IMG/center_2021_07_19_22_03_34_987.jpg,/home/hunglam/00_recovery_out/IMG/left_2021_07_19_22_03_34_987.jpg,/home/hunglam/00_recovery_out/IMG/right_2021_07_19_22_03_34_987.jpg,0.1431925,0,0,4.791985
/home/hunglam/00_recovery_out/IMG/center_2021_07_19_22_03_35_064.jpg,/home/hunglam/00_recovery_out/IMG/left_2021_07_19_22_03_35_064.jpg,/home/hunglam/00_recovery_out/IMG/right_2021_07_19_22_03_35_064.jpg,0.1431925,0,0,4.753495
/home/hunglam/00_recovery_out/IMG/center_2021_07_19_22_03_35_140.jpg,/home/hunglam/00_recovery_out/IMG/left_2021_07_19_22_03_35_140.jpg,/home/hunglam/00_recovery_out/IMG/right_2021_07_19_22_03_35_140.jpg,0.1431925,0,0,4.715316
/home/hunglam/00_recovery_out/IMG/center_2021_07_19_22_03_35_217.jpg,/home/hunglam/00_recovery_out/IMG/left_2021_07_19_22_03_35_217.jpg,/home/hunglam/00_recovery_out/IMG/right_2021_07_19_22_03_35_217.jpg,0.1431925,0,0,4.677443
/home/hunglam/00_recovery_out/IMG/center_2021_07_19_22_03_35_293.jpg,/home/hunglam/00_recovery_out/IMG/left_2021_07_19_22_03_35_293.jpg,/home/hunglam/00_recovery_out/IMG/right_2021_07_19_22_03_35_293.jpg,0.1431925,0,0,4.649239
/home/hunglam/00_recovery_out/IMG/center_2021_07_19_22_03_35_370.jpg,/home/hunglam/00_recovery_out/IMG/left_2021_07_19_22_03_35_370.jpg,/home/hunglam/00_recovery_out/IMG/right_2021_07_19_22_03_35_370.jpg,0.1408451,0,0,4.611932
/home/hunglam/00_recovery_out/IMG/center_2021_07_19_22_03_35_448.jpg,/home/hunglam/00_recovery_out/IMG/left_2021_07_19_22_03_35_448.jpg,/home/hunglam/00_recovery_out/IMG/right_2021_07_19_22_03_35_448.jpg,0.1408451,0,0,4.574913
/home/hunglam/00_recovery_out/IMG/center_2021_07_19_22_03_35_525.jpg,/home/hunglam/00_recovery_out/IMG/left_2021_07_19_22_03_35_525.jpg,/home/hunglam/00_recovery_out/IMG/right_2021_07_19_22_03_35_525.jpg,0.1408451,0,0,4.538174
/home/hunglam/00_recovery_out/IMG/center_2021_07_19_22_03_35_603.jpg,/home/hunglam/00_recovery_out/IMG/left_2021_07_19_22_03_35_603.jpg,/home/hunglam/00_recovery_out/IMG/right_2021_07_19_22_03_35_603.jpg,0.1408451,0,0,4.501727
/home/hunglam/00_recovery_out/IMG/center_2021_07_19_22_03_35_681.jpg,/home/hunglam/00_recovery_out/IMG/left_2021_07_19_22_03_35_681.jpg,/home/hunglam/00_recovery_out/IMG/right_2021_07_19_22_03_35_681.jpg,0.1408451,0,0,4.465574
/home/hunglam/00_recovery_out/IMG/center_2021_07_19_22_03_35_759.jpg,/home/hunglam/00_recovery_out/IMG/left_2021_07_19_22_03_35_759.jpg,/home/hunglam/00_recovery_out/IMG/right_2021_07_19_22_03_35_759.jpg,0.1408451,0,0,4.429711
/home/hunglam/00_recovery_out/IMG/center_2021_07_19_22_03_35_836.jpg,/home/hunglam/00_recovery_out/IMG/left_2021_07_19_22_03_35_836.jpg,/home/hunglam/00_recovery_out/IMG/right_2021_07_19_22_03_35_836.jpg,0.1384977,0,0,4.394193
/home/hunglam/00_recovery_out/IMG/center_2021_07_19_22_03_35_914.jpg,/home/hunglam/00_recovery_out/IMG/left_2021_07_19_22_03_35_914.jpg,/home/hunglam/00_recovery_out/IMG/right_2021_07_19_22_03_35_914.jpg,0.1314554,0,0,4.367821
/home/hunglam/00_recovery_out/IMG/center_2021_07_19_22_03_35_991.jpg,/home/hunglam/00_recovery_out/IMG/left_2021_07_19_22_03_35_991.jpg,/home/hunglam/00_recovery_out/IMG/right_2021_07_19_22_03_35_991.jpg,0.1244131,0,0,4.332925
/home/hunglam/00_recovery_out/IMG/center_2021_07_19_22_03_36_068.jpg,/home/hunglam/00_recovery_out/IMG/left_2021_07_19_22_03_36_068.jpg,/home/hunglam/00_recovery_out/IMG/right_2021_07_19_22_03_36_068.jpg,0.1150235,0,0,4.298296
/home/hunglam/00_recovery_out/IMG/center_2021_07_19_22_03_36_144.jpg,/home/hunglam/00_recovery_out/IMG/left_2021_07_19_22_03_36_144.jpg,/home/hunglam/00_recovery_out/IMG/right_2021_07_19_22_03_36_144.jpg,0.09154929,0,0,4.264086
/home/hunglam/00_recovery_out/IMG/center_2021_07_19_22_03_36_219.jpg,/home/hunglam/00_recovery_out/IMG/left_2021_07_19_22_03_36_219.jpg,/home/hunglam/00_recovery_out/IMG/right_2021_07_19_22_03_36_219.jpg,0.07981221,0,0,4.230078
/home/hunglam/00_recovery_out/IMG/center_2021_07_19_22_03_36_296.jpg,/home/hunglam/00_recovery_out/IMG/left_2021_07_19_22_03_36_296.jpg,/home/hunglam/00_recovery_out/IMG/right_2021_07_19_22_03_36_296.jpg,0.07981221,0,0,4.196156
/home/hunglam/00_recovery_out/IMG/center_2021_07_19_22_03_36_373.jpg,/home/hunglam/00_recovery_out/IMG/left_2021_07_19_22_03_36_373.jpg,/home/hunglam/00_recovery_out/IMG/right_2021_07_19_22_03_36_373.jpg,0.07042254,0,0,4.170944
/home/hunglam/00_recovery_out/IMG/center_2021_07_19_22_03_36_449.jpg,/home/hunglam/00_recovery_out/IMG/left_2021_07_19_22_03_36_449.jpg,/home/hunglam/00_recovery_out/IMG/right_2021_07_19_22_03_36_449.jpg,0.07042254,0,0,4.137439
/home/hunglam/00_recovery_out/IMG/center_2021_07_19_22_03_36_528.jpg,/home/hunglam/00_recovery_out/IMG/left_2021_07_19_22_03_36_528.jpg,/home/hunglam/00_recovery_out/IMG/right_2021_07_19_22_03_36_528.jpg,0.07042254,0,0,4.104071
/home/hunglam/00_recovery_out/IMG/center_2021_07_19_22_03_36_605.jpg,/home/hunglam/00_recovery_out/IMG/left_2021_07_19_22_03_36_605.jpg,/home/hunglam/00_recovery_out/IMG/right_2021_07_19_22_03_36_605.jpg,0.07042254,0,0,4.070967
/home/hunglam/00_recovery_out/IMG/center_2021_07_19_22_03_36_682.jpg,/home/hunglam/00_recovery_out/IMG/left_2021_07_19_22_03_36_682.jpg,/home/hunglam/00_recovery_out/IMG/right_2021_07_19_22_03_36_682.jpg,0.07042254,0,0,4.038202
/home/hunglam/00_recovery_out/IMG/center_2021_07_19_22_03_36_760.jpg,/home/hunglam/00_recovery_out/IMG/left_2021_07_19_22_03_36_760.jpg,/home/hunglam/00_recovery_out/IMG/right_2021_07_19_22_03_36_760.jpg,0.07042254,0,0,4.005764
/home/hunglam/00_recovery_out/IMG/center_2021_07_19_22_03_36_837.jpg,/home/hunglam/00_recovery_out/IMG/left_2021_07_19_22_03_36_837.jpg,/home/hunglam/00_recovery_out/IMG/right_2021_07_19_22_03_36_837.jpg,0.07042254,0,0,3.973592
/home/hunglam/00_recovery_out/IMG/center_2021_07_19_22_03_36_915.jpg,/home/hunglam/00_recovery_out/IMG/left_2021_07_19_22_03_36_915.jpg,/home/hunglam/00_recovery_out/IMG/right_2021_07_19_22_03_36_915.jpg,0.05868544,0,0,3.941756
/home/hunglam/00_recovery_out/IMG/center_2021_07_19_22_03_36_994.jpg,/home/hunglam/00_recovery_out/IMG/left_2021_07_19_22_03_36_994.jpg,/home/hunglam/00_recovery_out/IMG/right_2021_07_19_22_03_36_994.jpg,0.05399061,0,0,3.918045
/home/hunglam/00_recovery_out/IMG/center_2021_07_19_22_03_37_071.jpg,/home/hunglam/00_recovery_out/IMG/left_2021_07_19_22_03_37_071.jpg,/home/hunglam/00_recovery_out/IMG/right_2021_07_19_22_03_37_071.jpg,0.05399061,0,0,3.886591
/home/hunglam/00_recovery_out/IMG/center_2021_07_19_22_03_37_148.jpg,/home/hunglam/00_recovery_out/IMG/left_2021_07_19_22_03_37_148.jpg,/home/hunglam/00_recovery_out/IMG/right_2021_07_19_22_03_37_148.jpg,0.05399061,0,0,3.855377
/home/hunglam/00_recovery_out/IMG/center_2021_07_19_22_03_37_225.jpg,/home/hunglam/00_recovery_out/IMG/left_2021_07_19_22_03_37_225.jpg,/home/hunglam/00_recovery_out/IMG/right_2021_07_19_22_03_37_225.jpg,0.05399061,0,0,3.824412
/home/hunglam/00_recovery_out/IMG/center_2021_07_19_22_03_37_301.jpg,/home/hunglam/00_recovery_out/IMG/left_2021_07_19_22_03_37_301.jpg,/home/hunglam/00_recovery_out/IMG/right_2021_07_19_22_03_37_301.jpg,0.05399061,0,0,3.793695
/home/hunglam/00_recovery_out/IMG/center_2021_07_19_22_03_37_377.jpg,/home/hunglam/00_recovery_out/IMG/left_2021_07_19_22_03_37_377.jpg,/home/hunglam/00_recovery_out/IMG/right_2021_07_19_22_03_37_377.jpg,0.05399061,0.1525862,0,3.833461
/home/hunglam/00_recovery_out/IMG/center_2021_07_19_22_03_37_455.jpg,/home/hunglam/00_recovery_out/IMG/left_2021_07_19_22_03_37_455.jpg,/home/hunglam/00_recovery_out/IMG/right_2021_07_19_22_03_37_455.jpg,0.05399061,0.3872309,0,4.093374
/home/hunglam/00_recovery_out/IMG/center_2021_07_19_22_03_37_531.jpg,/home/hunglam/00_recovery_out/IMG/left_2021_07_19_22_03_37_531.jpg,/home/hunglam/00_recovery_out/IMG/right_2021_07_19_22_03_37_531.jpg,0.05399061,0.5767443,0,4.444234
/home/hunglam/00_recovery_out/IMG/center_2021_07_19_22_03_37_607.jpg,/home/hunglam/00_recovery_out/IMG/left_2021_07_19_22_03_37_607.jpg,/home/hunglam/00_recovery_out/IMG/right_2021_07_19_22_03_37_607.jpg,0.05399061,0.8057041,0,5.104534
/home/hunglam/00_recovery_out/IMG/center_2021_07_19_22_03_37_686.jpg,/home/hunglam/00_recovery_out/IMG/left_2021_07_19_22_03_37_686.jpg,/home/hunglam/00_recovery_out/IMG/right_2021_07_19_22_03_37_686.jpg,0.05399061,1,0,5.981541
/home/hunglam/00_recovery_out/IMG/center_2021_07_19_22_03_37_765.jpg,/home/hunglam/00_recovery_out/IMG/left_2021_07_19_22_03_37_765.jpg,/home/hunglam/00_recovery_out/IMG/right_2021_07_19_22_03_37_765.jpg,0.05399061,1,0,6.89946
/home/hunglam/00_recovery_out/IMG/center_2021_07_19_22_03_37_842.jpg,/home/hunglam/00_recovery_out/IMG/left_2021_07_19_22_03_37_842.jpg,/home/hunglam/00_recovery_out/IMG/right_2021_07_19_22_03_37_842.jpg,0.05399061,0.7683372,0,7.695876
/home/hunglam/00_recovery_out/IMG/center_2021_07_19_22_03_37_919.jpg,/home/hunglam/00_recovery_out/IMG/left_2021_07_19_22_03_37_919.jpg,/home/hunglam/00_recovery_out/IMG/right_2021_07_19_22_03_37_919.jpg,0.05399061,0.537256,0,8.243923
/home/hunglam/00_recovery_out/IMG/center_2021_07_19_22_03_37_995.jpg,/home/hunglam/00_recovery_out/IMG/left_2021_07_19_22_03_37_995.jpg,/home/hunglam/00_recovery_out/IMG/right_2021_07_19_22_03_37_995.jpg,0.05399061,0.3078341,0,8.564809
/home/hunglam/00_recovery_out/IMG/center_2021_07_19_22_03_38_072.jpg,/home/hunglam/00_recovery_out/IMG/left_2021_07_19_22_03_38_072.jpg,/home/hunglam/00_recovery_out/IMG/right_2021_07_19_22_03_38_072.jpg,0.05399061,0.1138754,0,8.647517
/home/hunglam/00_recovery_out/IMG/center_2021_07_19_22_03_38_149.jpg,/home/hunglam/00_recovery_out/IMG/left_2021_07_19_22_03_38_149.jpg,/home/hunglam/00_recovery_out/IMG/right_2021_07_19_22_03_38_149.jpg,0.05399061,0,0,8.595226
/home/hunglam/00_recovery_out/IMG/center_2021_07_19_22_03_38_226.jpg,/home/hunglam/00_recovery_out/IMG/left_2021_07_19_22_03_38_226.jpg,/home/hunglam/00_recovery_out/IMG/right_2021_07_19_22_03_38_226.jpg,0.05399061,0,0,8.525689
/home/hunglam/00_recovery_out/IMG/center_2021_07_19_22_03_38_303.jpg,/home/hunglam/00_recovery_out/IMG/left_2021_07_19_22_03_38_303.jpg,/home/hunglam/00_recovery_out/IMG/right_2021_07_19_22_03_38_303.jpg,0.05399061,0,0,8.456577
/home/hunglam/00_recovery_out/IMG/center_2021_07_19_22_03_38_380.jpg,/home/hunglam/00_recovery_out/IMG/left_2021_07_19_22_03_38_380.jpg,/home/hunglam/00_recovery_out/IMG/right_2021_07_19_22_03_38_380.jpg,-0.07042254,0,0,8.385343
/home/hunglam/00_recovery_out/IMG/center_2021_07_19_22_03_38_457.jpg,/home/hunglam/00_recovery_out/IMG/left_2021_07_19_22_03_38_457.jpg,/home/hunglam/00_recovery_out/IMG/right_2021_07_19_22_03_38_457.jpg,-0.07746479,0,0,8.315679
/home/hunglam/00_recovery_out/IMG/center_2021_07_19_22_03_38_537.jpg,/home/hunglam/00_recovery_out/IMG/left_2021_07_19_22_03_38_537.jpg,/home/hunglam/00_recovery_out/IMG/right_2021_07_19_22_03_38_537.jpg,-0.1173709,0,0,8.247282
/home/hunglam/00_recovery_out/IMG/center_2021_07_19_22_03_38_605.jpg,/home/hunglam/00_recovery_out/IMG/left_2021_07_19_22_03_38_605.jpg,/home/hunglam/00_recovery_out/IMG/right_2021_07_19_22_03_38_605.jpg,-0.1267606,0,0,8.196287
/home/hunglam/00_recovery_out/IMG/center_2021_07_19_22_03_38_684.jpg,/home/hunglam/00_recovery_out/IMG/left_2021_07_19_22_03_38_684.jpg,/home/hunglam/00_recovery_out/IMG/right_2021_07_19_22_03_38_684.jpg,-0.1267606,0,0,8.130061
/home/hunglam/00_recovery_out/IMG/center_2021_07_19_22_03_38_761.jpg,/home/hunglam/00_recovery_out/IMG/left_2021_07_19_22_03_38_761.jpg,/home/hunglam/00_recovery_out/IMG/right_2021_07_19_22_03_38_761.jpg,-0.1267606,0,0,8.064838
/home/hunglam/00_recovery_out/IMG/center_2021_07_19_22_03_38_840.jpg,/home/hunglam/00_recovery_out/IMG/left_2021_07_19_22_03_38_840.jpg,/home/hunglam/00_recovery_out/IMG/right_2021_07_19_22_03_38_840.jpg,-0.1267606,0,0,8.000325
/home/hunglam/00_recovery_out/IMG/center_2021_07_19_22_03_38_917.jpg,/home/hunglam/00_recovery_out/IMG/left_2021_07_19_22_03_38_917.jpg,/home/hunglam/00_recovery_out/IMG/right_2021_07_19_22_03_38_917.jpg,-0.1267606,0,0,7.936431
/home/hunglam/00_recovery_out/IMG/center_2021_07_19_22_03_38_997.jpg,/home/hunglam/00_recovery_out/IMG/left_2021_07_19_22_03_38_997.jpg,/home/hunglam/00_recovery_out/IMG/right_2021_07_19_22_03_38_997.jpg,-0.1267606,0,0,7.873129
/home/hunglam/00_recovery_out/IMG/center_2021_07_19_22_03_39_075.jpg,/home/hunglam/00_recovery_out/IMG/left_2021_07_19_22_03_39_075.jpg,/home/hunglam/00_recovery_out/IMG/right_2021_07_19_22_03_39_075.jpg,-0.1267606,0,0,7.81025
/home/hunglam/00_recovery_out/IMG/center_2021_07_19_22_03_39_153.jpg,/home/hunglam/00_recovery_out/IMG/left_2021_07_19_22_03_39_153.jpg,/home/hunglam/00_recovery_out/IMG/right_2021_07_19_22_03_39_153.jpg,-0.1267606,0,0,7.763376
/home/hunglam/00_recovery_out/IMG/center_2021_07_19_22_03_39_231.jpg,/home/hunglam/00_recovery_out/IMG/left_2021_07_19_22_03_39_231.jpg,/home/hunglam/00_recovery_out/IMG/right_2021_07_19_22_03_39_231.jpg,-0.1267606,0,0,7.701451
/home/hunglam/00_recovery_out/IMG/center_2021_07_19_22_03_39_310.jpg,/home/hunglam/00_recovery_out/IMG/left_2021_07_19_22_03_39_310.jpg,/home/hunglam/00_recovery_out/IMG/right_2021_07_19_22_03_39_310.jpg,-0.1150235,0,0,7.639879
/home/hunglam/00_recovery_out/IMG/center_2021_07_19_22_03_39_388.jpg,/home/hunglam/00_recovery_out/IMG/left_2021_07_19_22_03_39_388.jpg,/home/hunglam/00_recovery_out/IMG/right_2021_07_19_22_03_39_388.jpg,-0.09624413,0,0,7.579112
/home/hunglam/00_recovery_out/IMG/center_2021_07_19_22_03_39_466.jpg,/home/hunglam/00_recovery_out/IMG/left_2021_07_19_22_03_39_466.jpg,/home/hunglam/00_recovery_out/IMG/right_2021_07_19_22_03_39_466.jpg,-0.07981221,0,0,7.518727
/home/hunglam/00_recovery_out/IMG/center_2021_07_19_22_03_39_543.jpg,/home/hunglam/00_recovery_out/IMG/left_2021_07_19_22_03_39_543.jpg,/home/hunglam/00_recovery_out/IMG/right_2021_07_19_22_03_39_543.jpg,-0.07511737,0,0,7.458629
/home/hunglam/00_recovery_out/IMG/center_2021_07_19_22_03_39_619.jpg,/home/hunglam/00_recovery_out/IMG/left_2021_07_19_22_03_39_619.jpg,/home/hunglam/00_recovery_out/IMG/right_2021_07_19_22_03_39_619.jpg,-0.07042254,0,0,7.398992
/home/hunglam/00_recovery_out/IMG/center_2021_07_19_22_03_39_694.jpg,/home/hunglam/00_recovery_out/IMG/left_2021_07_19_22_03_39_694.jpg,/home/hunglam/00_recovery_out/IMG/right_2021_07_19_22_03_39_694.jpg,-0.06807512,0,0,7.354545
/home/hunglam/00_recovery_out/IMG/center_2021_07_19_22_03_39_769.jpg,/home/hunglam/00_recovery_out/IMG/left_2021_07_19_22_03_39_769.jpg,/home/hunglam/00_recovery_out/IMG/right_2021_07_19_22_03_39_769.jpg,-0.06807512,0,0,7.295534
/home/hunglam/00_recovery_out/IMG/center_2021_07_19_22_03_39_846.jpg,/home/hunglam/00_recovery_out/IMG/left_2021_07_19_22_03_39_846.jpg,/home/hunglam/00_recovery_out/IMG/right_2021_07_19_22_03_39_846.jpg,-0.06807512,0,0,7.236899
/home/hunglam/00_recovery_out/IMG/center_2021_07_19_22_03_39_924.jpg,/home/hunglam/00_recovery_out/IMG/left_2021_07_19_22_03_39_924.jpg,/home/hunglam/00_recovery_out/IMG/right_2021_07_19_22_03_39_924.jpg,-0.06807512,0,0,7.178744
/home/hunglam/00_recovery_out/IMG/center_2021_07_19_22_03_40_003.jpg,/home/hunglam/00_recovery_out/IMG/left_2021_07_19_22_03_40_003.jpg,/home/hunglam/00_recovery_out/IMG/right_2021_07_19_22_03_40_003.jpg,-0.06807512,0,0,7.121018
/home/hunglam/00_recovery_out/IMG/center_2021_07_19_22_03_40_081.jpg,/home/hunglam/00_recovery_out/IMG/left_2021_07_19_22_03_40_081.jpg,/home/hunglam/00_recovery_out/IMG/right_2021_07_19_22_03_40_081.jpg,-0.06807512,0,0,7.063798
/home/hunglam/00_recovery_out/IMG/center_2021_07_19_22_03_40_160.jpg,/home/hunglam/00_recovery_out/IMG/left_2021_07_19_22_03_40_160.jpg,/home/hunglam/00_recovery_out/IMG/right_2021_07_19_22_03_40_160.jpg,-0.06807512,0,0,7.007041
/home/hunglam/00_recovery_out/IMG/center_2021_07_19_22_03_40_237.jpg,/home/hunglam/00_recovery_out/IMG/left_2021_07_19_22_03_40_237.jpg,/home/hunglam/00_recovery_out/IMG/right_2021_07_19_22_03_40_237.jpg,0.06338028,0,0,6.948225
/home/hunglam/00_recovery_out/IMG/center_2021_07_19_22_03_40_316.jpg,/home/hunglam/00_recovery_out/IMG/left_2021_07_19_22_03_40_316.jpg,/home/hunglam/00_recovery_out/IMG/right_2021_07_19_22_03_40_316.jpg,0.06338028,0,0,6.890802
/home/hunglam/00_recovery_out/IMG/center_2021_07_19_22_03_40_394.jpg,/home/hunglam/00_recovery_out/IMG/left_2021_07_19_22_03_40_394.jpg,/home/hunglam/00_recovery_out/IMG/right_2021_07_19_22_03_40_394.jpg,0.06338028,0,0,6.848987
/home/hunglam/00_recovery_out/IMG/center_2021_07_19_22_03_40_471.jpg,/home/hunglam/00_recovery_out/IMG/left_2021_07_19_22_03_40_471.jpg,/home/hunglam/00_recovery_out/IMG/right_2021_07_19_22_03_40_471.jpg,0.06338028,0,0,6.793854
/home/hunglam/00_recovery_out/IMG/center_2021_07_19_22_03_40_548.jpg,/home/hunglam/00_recovery_out/IMG/left_2021_07_19_22_03_40_548.jpg,/home/hunglam/00_recovery_out/IMG/right_2021_07_19_22_03_40_548.jpg,0.06338028,0,0,6.739233
/home/hunglam/00_recovery_out/IMG/center_2021_07_19_22_03_40_623.jpg,/home/hunglam/00_recovery_out/IMG/left_2021_07_19_22_03_40_623.jpg,/home/hunglam/00_recovery_out/IMG/right_2021_07_19_22_03_40_623.jpg,0.06338028,0,0,6.685068
/home/hunglam/00_recovery_out/IMG/center_2021_07_19_22_03_40_699.jpg,/home/hunglam/00_recovery_out/IMG/left_2021_07_19_22_03_40_699.jpg,/home/hunglam/00_recovery_out/IMG/right_2021_07_19_22_03_40_699.jpg,0.06338028,0,0,6.631343
/home/hunglam/00_recovery_out/IMG/center_2021_07_19_22_03_40_774.jpg,/home/hunglam/00_recovery_out/IMG/left_2021_07_19_22_03_40_774.jpg,/home/hunglam/00_recovery_out/IMG/right_2021_07_19_22_03_40_774.jpg,0.06338028,0,0,6.591335
/home/hunglam/00_recovery_out/IMG/center_2021_07_19_22_03_40_851.jpg,/home/hunglam/00_recovery_out/IMG/left_2021_07_19_22_03_40_851.jpg,/home/hunglam/00_recovery_out/IMG/right_2021_07_19_22_03_40_851.jpg,0.07981221,0,0,6.538148
/home/hunglam/00_recovery_out/IMG/center_2021_07_19_22_03_40_927.jpg,/home/hunglam/00_recovery_out/IMG/left_2021_07_19_22_03_40_927.jpg,/home/hunglam/00_recovery_out/IMG/right_2021_07_19_22_03_40_927.jpg,0.08215962,0,0,6.485412
/home/hunglam/00_recovery_out/IMG/center_2021_07_19_22_03_41_004.jpg,/home/hunglam/00_recovery_out/IMG/left_2021_07_19_22_03_41_004.jpg,/home/hunglam/00_recovery_out/IMG/right_2021_07_19_22_03_41_004.jpg,0.09389672,0,0,6.433014
/home/hunglam/00_recovery_out/IMG/center_2021_07_19_22_03_41_081.jpg,/home/hunglam/00_recovery_out/IMG/left_2021_07_19_22_03_41_081.jpg,/home/hunglam/00_recovery_out/IMG/right_2021_07_19_22_03_41_081.jpg,0.09624413,0,0,6.381153
/home/hunglam/00_recovery_out/IMG/center_2021_07_19_22_03_41_157.jpg,/home/hunglam/00_recovery_out/IMG/left_2021_07_19_22_03_41_157.jpg,/home/hunglam/00_recovery_out/IMG/right_2021_07_19_22_03_41_157.jpg,0.09624413,0,0,6.329815
/home/hunglam/00_recovery_out/IMG/center_2021_07_19_22_03_41_233.jpg,/home/hunglam/00_recovery_out/IMG/left_2021_07_19_22_03_41_233.jpg,/home/hunglam/00_recovery_out/IMG/right_2021_07_19_22_03_41_233.jpg,0.09859154,0,0,6.291594
/home/hunglam/00_recovery_out/IMG/center_2021_07_19_22_03_41_307.jpg,/home/hunglam/00_recovery_out/IMG/left_2021_07_19_22_03_41_307.jpg,/home/hunglam/00_recovery_out/IMG/right_2021_07_19_22_03_41_307.jpg,0.09859154,0,0,6.240993
/home/hunglam/00_recovery_out/IMG/center_2021_07_19_22_03_41_383.jpg,/home/hunglam/00_recovery_out/IMG/left_2021_07_19_22_03_41_383.jpg,/home/hunglam/00_recovery_out/IMG/right_2021_07_19_22_03_41_383.jpg,0.09859154,0,0,6.19083
/home/hunglam/00_recovery_out/IMG/center_2021_07_19_22_03_41_460.jpg,/home/hunglam/00_recovery_out/IMG/left_2021_07_19_22_03_41_460.jpg,/home/hunglam/00_recovery_out/IMG/right_2021_07_19_22_03_41_460.jpg,0.09859154,0,0,6.141078
/home/hunglam/00_recovery_out/IMG/center_2021_07_19_22_03_41_536.jpg,/home/hunglam/00_recovery_out/IMG/left_2021_07_19_22_03_41_536.jpg,/home/hunglam/00_recovery_out/IMG/right_2021_07_19_22_03_41_536.jpg,0.1150235,0,0,6.091423
/home/hunglam/00_recovery_out/IMG/center_2021_07_19_22_03_41_610.jpg,/home/hunglam/00_recovery_out/IMG/left_2021_07_19_22_03_41_610.jpg,/home/hunglam/00_recovery_out/IMG/right_2021_07_19_22_03_41_610.jpg,0.1267606,0,0,6.054186
/home/hunglam/00_recovery_out/IMG/center_2021_07_19_22_03_41_686.jpg,/home/hunglam/00_recovery_out/IMG/left_2021_07_19_22_03_41_686.jpg,/home/hunglam/00_recovery_out/IMG/right_2021_07_19_22_03_41_686.jpg,0.1267606,0,0,6.005311
/home/hunglam/00_recovery_out/IMG/center_2021_07_19_22_03_41_762.jpg,/home/hunglam/00_recovery_out/IMG/left_2021_07_19_22_03_41_762.jpg,/home/hunglam/00_recovery_out/IMG/right_2021_07_19_22_03_41_762.jpg,0.1267606,0,0,5.957005
/home/hunglam/00_recovery_out/IMG/center_2021_07_19_22_03_41_840.jpg,/home/hunglam/00_recovery_out/IMG/left_2021_07_19_22_03_41_840.jpg,/home/hunglam/00_recovery_out/IMG/right_2021_07_19_22_03_41_840.jpg,0.1267606,0,0,5.909119
/home/hunglam/00_recovery_out/IMG/center_2021_07_19_22_03_41_918.jpg,/home/hunglam/00_recovery_out/IMG/left_2021_07_19_22_03_41_918.jpg,/home/hunglam/00_recovery_out/IMG/right_2021_07_19_22_03_41_918.jpg,0.1267606,0,0,5.861627
/home/hunglam/00_recovery_out/IMG/center_2021_07_19_22_03_41_998.jpg,/home/hunglam/00_recovery_out/IMG/left_2021_07_19_22_03_41_998.jpg,/home/hunglam/00_recovery_out/IMG/right_2021_07_19_22_03_41_998.jpg,0.1267606,0,0,5.81452
/home/hunglam/00_recovery_out/IMG/center_2021_07_19_22_03_42_075.jpg,/home/hunglam/00_recovery_out/IMG/left_2021_07_19_22_03_42_075.jpg,/home/hunglam/00_recovery_out/IMG/right_2021_07_19_22_03_42_075.jpg,0.1549296,0,0,5.767266
/home/hunglam/00_recovery_out/IMG/center_2021_07_19_22_03_42_154.jpg,/home/hunglam/00_recovery_out/IMG/left_2021_07_19_22_03_42_154.jpg,/home/hunglam/00_recovery_out/IMG/right_2021_07_19_22_03_42_154.jpg,0.1643192,0,0,5.731584
/home/hunglam/00_recovery_out/IMG/center_2021_07_19_22_03_42_231.jpg,/home/hunglam/00_recovery_out/IMG/left_2021_07_19_22_03_42_231.jpg,/home/hunglam/00_recovery_out/IMG/right_2021_07_19_22_03_42_231.jpg,0.1643192,0,0,5.685225
/home/hunglam/00_recovery_out/IMG/center_2021_07_19_22_03_42_308.jpg,/home/hunglam/00_recovery_out/IMG/left_2021_07_19_22_03_42_308.jpg,/home/hunglam/00_recovery_out/IMG/right_2021_07_19_22_03_42_308.jpg,0.1666667,0,0,5.639441
/home/hunglam/00_recovery_out/IMG/center_2021_07_19_22_03_42_385.jpg,/home/hunglam/00_recovery_out/IMG/left_2021_07_19_22_03_42_385.jpg,/home/hunglam/00_recovery_out/IMG/right_2021_07_19_22_03_42_385.jpg,0.1690141,0,0,5.593991
/home/hunglam/00_recovery_out/IMG/center_2021_07_19_22_03_42_466.jpg,/home/hunglam/00_recovery_out/IMG/left_2021_07_19_22_03_42_466.jpg,/home/hunglam/00_recovery_out/IMG/right_2021_07_19_22_03_42_466.jpg,0.1760563,0,0,5.548873
/home/hunglam/00_recovery_out/IMG/center_2021_07_19_22_03_42_542.jpg,/home/hunglam/00_recovery_out/IMG/left_2021_07_19_22_03_42_542.jpg,/home/hunglam/00_recovery_out/IMG/right_2021_07_19_22_03_42_542.jpg,0.1830986,0,0,5.503879
/home/hunglam/00_recovery_out/IMG/center_2021_07_19_22_03_42_618.jpg,/home/hunglam/00_recovery_out/IMG/left_2021_07_19_22_03_42_618.jpg,/home/hunglam/00_recovery_out/IMG/right_2021_07_19_22_03_42_618.jpg,0.1995305,0,0,5.458888
/home/hunglam/00_recovery_out/IMG/center_2021_07_19_22_03_42_692.jpg,/home/hunglam/00_recovery_out/IMG/left_2021_07_19_22_03_42_692.jpg,/home/hunglam/00_recovery_out/IMG/right_2021_07_19_22_03_42_692.jpg,0.2018779,0,0,5.42566
/home/hunglam/00_recovery_out/IMG/center_2021_07_19_22_03_42_769.jpg,/home/hunglam/00_recovery_out/IMG/left_2021_07_19_22_03_42_769.jpg,/home/hunglam/00_recovery_out/IMG/right_2021_07_19_22_03_42_769.jpg,0.2018779,0,0,5.381931
/home/hunglam/00_recovery_out/IMG/center_2021_07_19_22_03_42_844.jpg,/home/hunglam/00_recovery_out/IMG/left_2021_07_19_22_03_42_844.jpg,/home/hunglam/00_recovery_out/IMG/right_2021_07_19_22_03_42_844.jpg,0.2018779,0,0,5.338613
/home/hunglam/00_recovery_out/IMG/center_2021_07_19_22_03_42_920.jpg,/home/hunglam/00_recovery_out/IMG/left_2021_07_19_22_03_42_920.jpg,/home/hunglam/00_recovery_out/IMG/right_2021_07_19_22_03_42_920.jpg,0,0,0,5.290142
/home/hunglam/00_recovery_out/IMG/center_2021_07_19_22_03_42_998.jpg,/home/hunglam/00_recovery_out/IMG/left_2021_07_19_22_03_42_998.jpg,/home/hunglam/00_recovery_out/IMG/right_2021_07_19_22_03_42_998.jpg,0,0,0,5.247445
/home/hunglam/00_recovery_out/IMG/center_2021_07_19_22_03_43_073.jpg,/home/hunglam/00_recovery_out/IMG/left_2021_07_19_22_03_43_073.jpg,/home/hunglam/00_recovery_out/IMG/right_2021_07_19_22_03_43_073.jpg,0,0,0,5.215778
/home/hunglam/00_recovery_out/IMG/center_2021_07_19_22_03_43_149.jpg,/home/hunglam/00_recovery_out/IMG/left_2021_07_19_22_03_43_149.jpg,/home/hunglam/00_recovery_out/IMG/right_2021_07_19_22_03_43_149.jpg,0,0,0,5.173862
/home/hunglam/00_recovery_out/IMG/center_2021_07_19_22_03_43_225.jpg,/home/hunglam/00_recovery_out/IMG/left_2021_07_19_22_03_43_225.jpg,/home/hunglam/00_recovery_out/IMG/right_2021_07_19_22_03_43_225.jpg,0,0,0,5.132284
/home/hunglam/00_recovery_out/IMG/center_2021_07_19_22_03_43_302.jpg,/home/hunglam/00_recovery_out/IMG/left_2021_07_19_22_03_43_302.jpg,/home/hunglam/00_recovery_out/IMG/right_2021_07_19_22_03_43_302.jpg,0,0,0,5.091039
/home/hunglam/00_recovery_out/IMG/center_2021_07_19_22_03_43_379.jpg,/home/hunglam/00_recovery_out/IMG/left_2021_07_19_22_03_43_379.jpg,/home/hunglam/00_recovery_out/IMG/right_2021_07_19_22_03_43_379.jpg,0,0,0,5.050127
/home/hunglam/00_recovery_out/IMG/center_2021_07_19_22_03_43_459.jpg,/home/hunglam/00_recovery_out/IMG/left_2021_07_19_22_03_43_459.jpg,/home/hunglam/00_recovery_out/IMG/right_2021_07_19_22_03_43_459.jpg,0,0,0,5.009543
/home/hunglam/00_recovery_out/IMG/center_2021_07_19_22_03_43_527.jpg,/home/hunglam/00_recovery_out/IMG/left_2021_07_19_22_03_43_527.jpg,/home/hunglam/00_recovery_out/IMG/right_2021_07_19_22_03_43_527.jpg,0,0,0,4.97932
/home/hunglam/00_recovery_out/IMG/center_2021_07_19_22_03_43_594.jpg,/home/hunglam/00_recovery_out/IMG/left_2021_07_19_22_03_43_594.jpg,/home/hunglam/00_recovery_out/IMG/right_2021_07_19_22_03_43_594.jpg,0,0,0,4.949278
/home/hunglam/00_recovery_out/IMG/center_2021_07_19_22_03_43_663.jpg,/home/hunglam/00_recovery_out/IMG/left_2021_07_19_22_03_43_663.jpg,/home/hunglam/00_recovery_out/IMG/right_2021_07_19_22_03_43_663.jpg,0,0,0,4.909505
/home/hunglam/00_recovery_out/IMG/center_2021_07_19_22_03_43_797.jpg,/home/hunglam/00_recovery_out/IMG/left_2021_07_19_22_03_43_797.jpg,/home/hunglam/00_recovery_out/IMG/right_2021_07_19_22_03_43_797.jpg,0,0,0,3.642063
