/home/hunglam/learning/CarND/CarND-Behavioral-Cloning-P3/train_data/Recovery_left/IMG/center_2021_07_17_16_33_36_386.jpg,/home/hunglam/learning/CarND/CarND-Behavioral-Cloning-P3/train_data/Recovery_left/IMG/left_2021_07_17_16_33_36_386.jpg,/home/hunglam/learning/CarND/CarND-Behavioral-Cloning-P3/train_data/Recovery_left/IMG/right_2021_07_17_16_33_36_386.jpg,0,0,0,0.5570454
/home/hunglam/learning/CarND/CarND-Behavioral-Cloning-P3/train_data/Recovery_left/IMG/center_2021_07_17_16_33_36_460.jpg,/home/hunglam/learning/CarND/CarND-Behavioral-Cloning-P3/train_data/Recovery_left/IMG/left_2021_07_17_16_33_36_460.jpg,/home/hunglam/learning/CarND/CarND-Behavioral-Cloning-P3/train_data/Recovery_left/IMG/right_2021_07_17_16_33_36_460.jpg,0,0,0,0.5538129
/home/hunglam/learning/CarND/CarND-Behavioral-Cloning-P3/train_data/Recovery_left/IMG/center_2021_07_17_16_33_36_535.jpg,/home/hunglam/learning/CarND/CarND-Behavioral-Cloning-P3/train_data/Recovery_left/IMG/left_2021_07_17_16_33_36_535.jpg,/home/hunglam/learning/CarND/CarND-Behavioral-Cloning-P3/train_data/Recovery_left/IMG/right_2021_07_17_16_33_36_535.jpg,0,0,0,0.5495334
/home/hunglam/learning/CarND/CarND-Behavioral-Cloning-P3/train_data/Recovery_left/IMG/center_2021_07_17_16_33_36_607.jpg,/home/hunglam/learning/CarND/CarND-Behavioral-Cloning-P3/train_data/Recovery_left/IMG/left_2021_07_17_16_33_36_607.jpg,/home/hunglam/learning/CarND/CarND-Behavioral-Cloning-P3/train_data/Recovery_left/IMG/right_2021_07_17_16_33_36_607.jpg,0,0,0,0.5452882
/home/hunglam/learning/CarND/CarND-Behavioral-Cloning-P3/train_data/Recovery_left/IMG/center_2021_07_17_16_33_36_679.jpg,/home/hunglam/learning/CarND/CarND-Behavioral-Cloning-P3/train_data/Recovery_left/IMG/left_2021_07_17_16_33_36_679.jpg,/home/hunglam/learning/CarND/CarND-Behavioral-Cloning-P3/train_data/Recovery_left/IMG/right_2021_07_17_16_33_36_679.jpg,0,0,0,0.5421267
/home/hunglam/learning/CarND/CarND-Behavioral-Cloning-P3/train_data/Recovery_left/IMG/center_2021_07_17_16_33_36_752.jpg,/home/hunglam/learning/CarND/CarND-Behavioral-Cloning-P3/train_data/Recovery_left/IMG/left_2021_07_17_16_33_36_752.jpg,/home/hunglam/learning/CarND/CarND-Behavioral-Cloning-P3/train_data/Recovery_left/IMG/right_2021_07_17_16_33_36_752.jpg,0,0,0,0.5379412
/home/hunglam/learning/CarND/CarND-Behavioral-Cloning-P3/train_data/Recovery_left/IMG/center_2021_07_17_16_33_36_824.jpg,/home/hunglam/learning/CarND/CarND-Behavioral-Cloning-P3/train_data/Recovery_left/IMG/left_2021_07_17_16_33_36_824.jpg,/home/hunglam/learning/CarND/CarND-Behavioral-Cloning-P3/train_data/Recovery_left/IMG/right_2021_07_17_16_33_36_824.jpg,0,0,0,0.5337892
/home/hunglam/learning/CarND/CarND-Behavioral-Cloning-P3/train_data/Recovery_left/IMG/center_2021_07_17_16_33_36_894.jpg,/home/hunglam/learning/CarND/CarND-Behavioral-Cloning-P3/train_data/Recovery_left/IMG/left_2021_07_17_16_33_36_894.jpg,/home/hunglam/learning/CarND/CarND-Behavioral-Cloning-P3/train_data/Recovery_left/IMG/right_2021_07_17_16_33_36_894.jpg,0,0,0,0.5306971
/home/hunglam/learning/CarND/CarND-Behavioral-Cloning-P3/train_data/Recovery_left/IMG/center_2021_07_17_16_33_36_964.jpg,/home/hunglam/learning/CarND/CarND-Behavioral-Cloning-P3/train_data/Recovery_left/IMG/left_2021_07_17_16_33_36_964.jpg,/home/hunglam/learning/CarND/CarND-Behavioral-Cloning-P3/train_data/Recovery_left/IMG/right_2021_07_17_16_33_36_964.jpg,0,0,0,0.5266035
/home/hunglam/learning/CarND/CarND-Behavioral-Cloning-P3/train_data/Recovery_left/IMG/center_2021_07_17_16_33_37_035.jpg,/home/hunglam/learning/CarND/CarND-Behavioral-Cloning-P3/train_data/Recovery_left/IMG/left_2021_07_17_16_33_37_035.jpg,/home/hunglam/learning/CarND/CarND-Behavioral-Cloning-P3/train_data/Recovery_left/IMG/right_2021_07_17_16_33_37_035.jpg,0,0,0,0.5235548
/home/hunglam/learning/CarND/CarND-Behavioral-Cloning-P3/train_data/Recovery_left/IMG/center_2021_07_17_16_33_37_102.jpg,/home/hunglam/learning/CarND/CarND-Behavioral-Cloning-P3/train_data/Recovery_left/IMG/left_2021_07_17_16_33_37_102.jpg,/home/hunglam/learning/CarND/CarND-Behavioral-Cloning-P3/train_data/Recovery_left/IMG/right_2021_07_17_16_33_37_102.jpg,0,0,0,0.5205245
/home/hunglam/learning/CarND/CarND-Behavioral-Cloning-P3/train_data/Recovery_left/IMG/center_2021_07_17_16_33_37_171.jpg,/home/hunglam/learning/CarND/CarND-Behavioral-Cloning-P3/train_data/Recovery_left/IMG/left_2021_07_17_16_33_37_171.jpg,/home/hunglam/learning/CarND/CarND-Behavioral-Cloning-P3/train_data/Recovery_left/IMG/right_2021_07_17_16_33_37_171.jpg,0,0,0,0.5165126
/home/hunglam/learning/CarND/CarND-Behavioral-Cloning-P3/train_data/Recovery_left/IMG/center_2021_07_17_16_33_37_244.jpg,/home/hunglam/learning/CarND/CarND-Behavioral-Cloning-P3/train_data/Recovery_left/IMG/left_2021_07_17_16_33_37_244.jpg,/home/hunglam/learning/CarND/CarND-Behavioral-Cloning-P3/train_data/Recovery_left/IMG/right_2021_07_17_16_33_37_244.jpg,0,0,0,0.5125329
/home/hunglam/learning/CarND/CarND-Behavioral-Cloning-P3/train_data/Recovery_left/IMG/center_2021_07_17_16_33_37_323.jpg,/home/hunglam/learning/CarND/CarND-Behavioral-Cloning-P3/train_data/Recovery_left/IMG/left_2021_07_17_16_33_37_323.jpg,/home/hunglam/learning/CarND/CarND-Behavioral-Cloning-P3/train_data/Recovery_left/IMG/right_2021_07_17_16_33_37_323.jpg,0,0,0,0.5085855
/home/hunglam/learning/CarND/CarND-Behavioral-Cloning-P3/train_data/Recovery_left/IMG/center_2021_07_17_16_33_37_406.jpg,/home/hunglam/learning/CarND/CarND-Behavioral-Cloning-P3/train_data/Recovery_left/IMG/left_2021_07_17_16_33_37_406.jpg,/home/hunglam/learning/CarND/CarND-Behavioral-Cloning-P3/train_data/Recovery_left/IMG/right_2021_07_17_16_33_37_406.jpg,0,0,0,0.5046696
/home/hunglam/learning/CarND/CarND-Behavioral-Cloning-P3/train_data/Recovery_left/IMG/center_2021_07_17_16_33_37_488.jpg,/home/hunglam/learning/CarND/CarND-Behavioral-Cloning-P3/train_data/Recovery_left/IMG/left_2021_07_17_16_33_37_488.jpg,/home/hunglam/learning/CarND/CarND-Behavioral-Cloning-P3/train_data/Recovery_left/IMG/right_2021_07_17_16_33_37_488.jpg,0,0,0,0.5007852
/home/hunglam/learning/CarND/CarND-Behavioral-Cloning-P3/train_data/Recovery_left/IMG/center_2021_07_17_16_33_37_572.jpg,/home/hunglam/learning/CarND/CarND-Behavioral-Cloning-P3/train_data/Recovery_left/IMG/left_2021_07_17_16_33_37_572.jpg,/home/hunglam/learning/CarND/CarND-Behavioral-Cloning-P3/train_data/Recovery_left/IMG/right_2021_07_17_16_33_37_572.jpg,0,0.2443349,0,0.6298532
/home/hunglam/learning/CarND/CarND-Behavioral-Cloning-P3/train_data/Recovery_left/IMG/center_2021_07_17_16_33_37_653.jpg,/home/hunglam/learning/CarND/CarND-Behavioral-Cloning-P3/train_data/Recovery_left/IMG/left_2021_07_17_16_33_37_653.jpg,/home/hunglam/learning/CarND/CarND-Behavioral-Cloning-P3/train_data/Recovery_left/IMG/right_2021_07_17_16_33_37_653.jpg,0,0.4887364,0,0.9976708
/home/hunglam/learning/CarND/CarND-Behavioral-Cloning-P3/train_data/Recovery_left/IMG/center_2021_07_17_16_33_37_733.jpg,/home/hunglam/learning/CarND/CarND-Behavioral-Cloning-P3/train_data/Recovery_left/IMG/left_2021_07_17_16_33_37_733.jpg,/home/hunglam/learning/CarND/CarND-Behavioral-Cloning-P3/train_data/Recovery_left/IMG/right_2021_07_17_16_33_37_733.jpg,0,0.7239182,0,1.614894
/home/hunglam/learning/CarND/CarND-Behavioral-Cloning-P3/train_data/Recovery_left/IMG/center_2021_07_17_16_33_37_807.jpg,/home/hunglam/learning/CarND/CarND-Behavioral-Cloning-P3/train_data/Recovery_left/IMG/left_2021_07_17_16_33_37_807.jpg,/home/hunglam/learning/CarND/CarND-Behavioral-Cloning-P3/train_data/Recovery_left/IMG/right_2021_07_17_16_33_37_807.jpg,0,0.9590943,0,2.452579
/home/hunglam/learning/CarND/CarND-Behavioral-Cloning-P3/train_data/Recovery_left/IMG/center_2021_07_17_16_33_37_885.jpg,/home/hunglam/learning/CarND/CarND-Behavioral-Cloning-P3/train_data/Recovery_left/IMG/left_2021_07_17_16_33_37_885.jpg,/home/hunglam/learning/CarND/CarND-Behavioral-Cloning-P3/train_data/Recovery_left/IMG/right_2021_07_17_16_33_37_885.jpg,0,1,0,3.400789
/home/hunglam/learning/CarND/CarND-Behavioral-Cloning-P3/train_data/Recovery_left/IMG/center_2021_07_17_16_33_37_964.jpg,/home/hunglam/learning/CarND/CarND-Behavioral-Cloning-P3/train_data/Recovery_left/IMG/left_2021_07_17_16_33_37_964.jpg,/home/hunglam/learning/CarND/CarND-Behavioral-Cloning-P3/train_data/Recovery_left/IMG/right_2021_07_17_16_33_37_964.jpg,0,1,0,4.341687
/home/hunglam/learning/CarND/CarND-Behavioral-Cloning-P3/train_data/Recovery_left/IMG/center_2021_07_17_16_33_38_040.jpg,/home/hunglam/learning/CarND/CarND-Behavioral-Cloning-P3/train_data/Recovery_left/IMG/left_2021_07_17_16_33_38_040.jpg,/home/hunglam/learning/CarND/CarND-Behavioral-Cloning-P3/train_data/Recovery_left/IMG/right_2021_07_17_16_33_38_040.jpg,0,1,0,5.040525
/home/hunglam/learning/CarND/CarND-Behavioral-Cloning-P3/train_data/Recovery_left/IMG/center_2021_07_17_16_33_38_113.jpg,/home/hunglam/learning/CarND/CarND-Behavioral-Cloning-P3/train_data/Recovery_left/IMG/left_2021_07_17_16_33_38_113.jpg,/home/hunglam/learning/CarND/CarND-Behavioral-Cloning-P3/train_data/Recovery_left/IMG/right_2021_07_17_16_33_38_113.jpg,0,1,0,5.966036
/home/hunglam/learning/CarND/CarND-Behavioral-Cloning-P3/train_data/Recovery_left/IMG/center_2021_07_17_16_33_38_190.jpg,/home/hunglam/learning/CarND/CarND-Behavioral-Cloning-P3/train_data/Recovery_left/IMG/left_2021_07_17_16_33_38_190.jpg,/home/hunglam/learning/CarND/CarND-Behavioral-Cloning-P3/train_data/Recovery_left/IMG/right_2021_07_17_16_33_38_190.jpg,0,1,0,6.884389
/home/hunglam/learning/CarND/CarND-Behavioral-Cloning-P3/train_data/Recovery_left/IMG/center_2021_07_17_16_33_38_267.jpg,/home/hunglam/learning/CarND/CarND-Behavioral-Cloning-P3/train_data/Recovery_left/IMG/left_2021_07_17_16_33_38_267.jpg,/home/hunglam/learning/CarND/CarND-Behavioral-Cloning-P3/train_data/Recovery_left/IMG/right_2021_07_17_16_33_38_267.jpg,0,1,0,7.795594
/home/hunglam/learning/CarND/CarND-Behavioral-Cloning-P3/train_data/Recovery_left/IMG/center_2021_07_17_16_33_38_343.jpg,/home/hunglam/learning/CarND/CarND-Behavioral-Cloning-P3/train_data/Recovery_left/IMG/left_2021_07_17_16_33_38_343.jpg,/home/hunglam/learning/CarND/CarND-Behavioral-Cloning-P3/train_data/Recovery_left/IMG/right_2021_07_17_16_33_38_343.jpg,0,1,0,8.699722
/home/hunglam/learning/CarND/CarND-Behavioral-Cloning-P3/train_data/Recovery_left/IMG/center_2021_07_17_16_33_38_416.jpg,/home/hunglam/learning/CarND/CarND-Behavioral-Cloning-P3/train_data/Recovery_left/IMG/left_2021_07_17_16_33_38_416.jpg,/home/hunglam/learning/CarND/CarND-Behavioral-Cloning-P3/train_data/Recovery_left/IMG/right_2021_07_17_16_33_38_416.jpg,0,1,0,9.373179
/home/hunglam/learning/CarND/CarND-Behavioral-Cloning-P3/train_data/Recovery_left/IMG/center_2021_07_17_16_33_38_492.jpg,/home/hunglam/learning/CarND/CarND-Behavioral-Cloning-P3/train_data/Recovery_left/IMG/left_2021_07_17_16_33_38_492.jpg,/home/hunglam/learning/CarND/CarND-Behavioral-Cloning-P3/train_data/Recovery_left/IMG/right_2021_07_17_16_33_38_492.jpg,0,1,0,10.26496
/home/hunglam/learning/CarND/CarND-Behavioral-Cloning-P3/train_data/Recovery_left/IMG/center_2021_07_17_16_33_38_569.jpg,/home/hunglam/learning/CarND/CarND-Behavioral-Cloning-P3/train_data/Recovery_left/IMG/left_2021_07_17_16_33_38_569.jpg,/home/hunglam/learning/CarND/CarND-Behavioral-Cloning-P3/train_data/Recovery_left/IMG/right_2021_07_17_16_33_38_569.jpg,0,1,0,11.14969
/home/hunglam/learning/CarND/CarND-Behavioral-Cloning-P3/train_data/Recovery_left/IMG/center_2021_07_17_16_33_38_646.jpg,/home/hunglam/learning/CarND/CarND-Behavioral-Cloning-P3/train_data/Recovery_left/IMG/left_2021_07_17_16_33_38_646.jpg,/home/hunglam/learning/CarND/CarND-Behavioral-Cloning-P3/train_data/Recovery_left/IMG/right_2021_07_17_16_33_38_646.jpg,0,1,0,12.15804
/home/hunglam/learning/CarND/CarND-Behavioral-Cloning-P3/train_data/Recovery_left/IMG/center_2021_07_17_16_33_38_724.jpg,/home/hunglam/learning/CarND/CarND-Behavioral-Cloning-P3/train_data/Recovery_left/IMG/left_2021_07_17_16_33_38_724.jpg,/home/hunglam/learning/CarND/CarND-Behavioral-Cloning-P3/train_data/Recovery_left/IMG/right_2021_07_17_16_33_38_724.jpg,0,1,0,12.66455
/home/hunglam/learning/CarND/CarND-Behavioral-Cloning-P3/train_data/Recovery_left/IMG/center_2021_07_17_16_33_38_794.jpg,/home/hunglam/learning/CarND/CarND-Behavioral-Cloning-P3/train_data/Recovery_left/IMG/left_2021_07_17_16_33_38_794.jpg,/home/hunglam/learning/CarND/CarND-Behavioral-Cloning-P3/train_data/Recovery_left/IMG/right_2021_07_17_16_33_38_794.jpg,0,1,0,13.50102
/home/hunglam/learning/CarND/CarND-Behavioral-Cloning-P3/train_data/Recovery_left/IMG/center_2021_07_17_16_33_38_868.jpg,/home/hunglam/learning/CarND/CarND-Behavioral-Cloning-P3/train_data/Recovery_left/IMG/left_2021_07_17_16_33_38_868.jpg,/home/hunglam/learning/CarND/CarND-Behavioral-Cloning-P3/train_data/Recovery_left/IMG/right_2021_07_17_16_33_38_868.jpg,0,1,0,14.28098
/home/hunglam/learning/CarND/CarND-Behavioral-Cloning-P3/train_data/Recovery_left/IMG/center_2021_07_17_16_33_38_947.jpg,/home/hunglam/learning/CarND/CarND-Behavioral-Cloning-P3/train_data/Recovery_left/IMG/left_2021_07_17_16_33_38_947.jpg,/home/hunglam/learning/CarND/CarND-Behavioral-Cloning-P3/train_data/Recovery_left/IMG/right_2021_07_17_16_33_38_947.jpg,0,0.9513819,0,15.15903
/home/hunglam/learning/CarND/CarND-Behavioral-Cloning-P3/train_data/Recovery_left/IMG/center_2021_07_17_16_33_39_019.jpg,/home/hunglam/learning/CarND/CarND-Behavioral-Cloning-P3/train_data/Recovery_left/IMG/left_2021_07_17_16_33_39_019.jpg,/home/hunglam/learning/CarND/CarND-Behavioral-Cloning-P3/train_data/Recovery_left/IMG/right_2021_07_17_16_33_39_019.jpg,0,0.7276063,0,15.91338
/home/hunglam/learning/CarND/CarND-Behavioral-Cloning-P3/train_data/Recovery_left/IMG/center_2021_07_17_16_33_39_092.jpg,/home/hunglam/learning/CarND/CarND-Behavioral-Cloning-P3/train_data/Recovery_left/IMG/left_2021_07_17_16_33_39_092.jpg,/home/hunglam/learning/CarND/CarND-Behavioral-Cloning-P3/train_data/Recovery_left/IMG/right_2021_07_17_16_33_39_092.jpg,0,0.5087559,0,16.42135
/home/hunglam/learning/CarND/CarND-Behavioral-Cloning-P3/train_data/Recovery_left/IMG/center_2021_07_17_16_33_39_168.jpg,/home/hunglam/learning/CarND/CarND-Behavioral-Cloning-P3/train_data/Recovery_left/IMG/left_2021_07_17_16_33_39_168.jpg,/home/hunglam/learning/CarND/CarND-Behavioral-Cloning-P3/train_data/Recovery_left/IMG/right_2021_07_17_16_33_39_168.jpg,0,0.4581001,0,16.69852
/home/hunglam/learning/CarND/CarND-Behavioral-Cloning-P3/train_data/Recovery_left/IMG/center_2021_07_17_16_33_39_244.jpg,/home/hunglam/learning/CarND/CarND-Behavioral-Cloning-P3/train_data/Recovery_left/IMG/left_2021_07_17_16_33_39_244.jpg,/home/hunglam/learning/CarND/CarND-Behavioral-Cloning-P3/train_data/Recovery_left/IMG/right_2021_07_17_16_33_39_244.jpg,0,0.6855936,0,17.11398
/home/hunglam/learning/CarND/CarND-Behavioral-Cloning-P3/train_data/Recovery_left/IMG/center_2021_07_17_16_33_39_316.jpg,/home/hunglam/learning/CarND/CarND-Behavioral-Cloning-P3/train_data/Recovery_left/IMG/left_2021_07_17_16_33_39_316.jpg,/home/hunglam/learning/CarND/CarND-Behavioral-Cloning-P3/train_data/Recovery_left/IMG/right_2021_07_17_16_33_39_316.jpg,0,0.9024212,0,17.30339
/home/hunglam/learning/CarND/CarND-Behavioral-Cloning-P3/train_data/Recovery_left/IMG/center_2021_07_17_16_33_39_391.jpg,/home/hunglam/learning/CarND/CarND-Behavioral-Cloning-P3/train_data/Recovery_left/IMG/left_2021_07_17_16_33_39_391.jpg,/home/hunglam/learning/CarND/CarND-Behavioral-Cloning-P3/train_data/Recovery_left/IMG/right_2021_07_17_16_33_39_391.jpg,0,1,0,18.16358
/home/hunglam/learning/CarND/CarND-Behavioral-Cloning-P3/train_data/Recovery_left/IMG/center_2021_07_17_16_33_39_466.jpg,/home/hunglam/learning/CarND/CarND-Behavioral-Cloning-P3/train_data/Recovery_left/IMG/left_2021_07_17_16_33_39_466.jpg,/home/hunglam/learning/CarND/CarND-Behavioral-Cloning-P3/train_data/Recovery_left/IMG/right_2021_07_17_16_33_39_466.jpg,0,1,0,19.00729
/home/hunglam/learning/CarND/CarND-Behavioral-Cloning-P3/train_data/Recovery_left/IMG/center_2021_07_17_16_33_39_540.jpg,/home/hunglam/learning/CarND/CarND-Behavioral-Cloning-P3/train_data/Recovery_left/IMG/left_2021_07_17_16_33_39_540.jpg,/home/hunglam/learning/CarND/CarND-Behavioral-Cloning-P3/train_data/Recovery_left/IMG/right_2021_07_17_16_33_39_540.jpg,0,1,0,19.75693
/home/hunglam/learning/CarND/CarND-Behavioral-Cloning-P3/train_data/Recovery_left/IMG/center_2021_07_17_16_33_39_614.jpg,/home/hunglam/learning/CarND/CarND-Behavioral-Cloning-P3/train_data/Recovery_left/IMG/left_2021_07_17_16_33_39_614.jpg,/home/hunglam/learning/CarND/CarND-Behavioral-Cloning-P3/train_data/Recovery_left/IMG/right_2021_07_17_16_33_39_614.jpg,0,1,0,20.55344
/home/hunglam/learning/CarND/CarND-Behavioral-Cloning-P3/train_data/Recovery_left/IMG/center_2021_07_17_16_33_39_687.jpg,/home/hunglam/learning/CarND/CarND-Behavioral-Cloning-P3/train_data/Recovery_left/IMG/left_2021_07_17_16_33_39_687.jpg,/home/hunglam/learning/CarND/CarND-Behavioral-Cloning-P3/train_data/Recovery_left/IMG/right_2021_07_17_16_33_39_687.jpg,0,1,0,21.34343
/home/hunglam/learning/CarND/CarND-Behavioral-Cloning-P3/train_data/Recovery_left/IMG/center_2021_07_17_16_33_39_761.jpg,/home/hunglam/learning/CarND/CarND-Behavioral-Cloning-P3/train_data/Recovery_left/IMG/left_2021_07_17_16_33_39_761.jpg,/home/hunglam/learning/CarND/CarND-Behavioral-Cloning-P3/train_data/Recovery_left/IMG/right_2021_07_17_16_33_39_761.jpg,0,1,0,21.88377
/home/hunglam/learning/CarND/CarND-Behavioral-Cloning-P3/train_data/Recovery_left/IMG/center_2021_07_17_16_33_39_832.jpg,/home/hunglam/learning/CarND/CarND-Behavioral-Cloning-P3/train_data/Recovery_left/IMG/left_2021_07_17_16_33_39_832.jpg,/home/hunglam/learning/CarND/CarND-Behavioral-Cloning-P3/train_data/Recovery_left/IMG/right_2021_07_17_16_33_39_832.jpg,0,1,0,22.68659
/home/hunglam/learning/CarND/CarND-Behavioral-Cloning-P3/train_data/Recovery_left/IMG/center_2021_07_17_16_33_39_904.jpg,/home/hunglam/learning/CarND/CarND-Behavioral-Cloning-P3/train_data/Recovery_left/IMG/left_2021_07_17_16_33_39_904.jpg,/home/hunglam/learning/CarND/CarND-Behavioral-Cloning-P3/train_data/Recovery_left/IMG/right_2021_07_17_16_33_39_904.jpg,0,1,0,23.47849
/home/hunglam/learning/CarND/CarND-Behavioral-Cloning-P3/train_data/Recovery_left/IMG/center_2021_07_17_16_33_39_977.jpg,/home/hunglam/learning/CarND/CarND-Behavioral-Cloning-P3/train_data/Recovery_left/IMG/left_2021_07_17_16_33_39_977.jpg,/home/hunglam/learning/CarND/CarND-Behavioral-Cloning-P3/train_data/Recovery_left/IMG/right_2021_07_17_16_33_39_977.jpg,0,1,0,24.07048
/home/hunglam/learning/CarND/CarND-Behavioral-Cloning-P3/train_data/Recovery_left/IMG/center_2021_07_17_16_33_40_049.jpg,/home/hunglam/learning/CarND/CarND-Behavioral-Cloning-P3/train_data/Recovery_left/IMG/left_2021_07_17_16_33_40_049.jpg,/home/hunglam/learning/CarND/CarND-Behavioral-Cloning-P3/train_data/Recovery_left/IMG/right_2021_07_17_16_33_40_049.jpg,0.04225352,1,0,24.84172
/home/hunglam/learning/CarND/CarND-Behavioral-Cloning-P3/train_data/Recovery_left/IMG/center_2021_07_17_16_33_40_120.jpg,/home/hunglam/learning/CarND/CarND-Behavioral-Cloning-P3/train_data/Recovery_left/IMG/left_2021_07_17_16_33_40_120.jpg,/home/hunglam/learning/CarND/CarND-Behavioral-Cloning-P3/train_data/Recovery_left/IMG/right_2021_07_17_16_33_40_120.jpg,0.1220657,1,0,25.40993
/home/hunglam/learning/CarND/CarND-Behavioral-Cloning-P3/train_data/Recovery_left/IMG/center_2021_07_17_16_33_40_192.jpg,/home/hunglam/learning/CarND/CarND-Behavioral-Cloning-P3/train_data/Recovery_left/IMG/left_2021_07_17_16_33_40_192.jpg,/home/hunglam/learning/CarND/CarND-Behavioral-Cloning-P3/train_data/Recovery_left/IMG/right_2021_07_17_16_33_40_192.jpg,0,1,0,26.1655
/home/hunglam/learning/CarND/CarND-Behavioral-Cloning-P3/train_data/Recovery_left/IMG/center_2021_07_17_16_33_40_265.jpg,/home/hunglam/learning/CarND/CarND-Behavioral-Cloning-P3/train_data/Recovery_left/IMG/left_2021_07_17_16_33_40_265.jpg,/home/hunglam/learning/CarND/CarND-Behavioral-Cloning-P3/train_data/Recovery_left/IMG/right_2021_07_17_16_33_40_265.jpg,0,0.8656449,0,26.88114
/home/hunglam/learning/CarND/CarND-Behavioral-Cloning-P3/train_data/Recovery_left/IMG/center_2021_07_17_16_33_40_335.jpg,/home/hunglam/learning/CarND/CarND-Behavioral-Cloning-P3/train_data/Recovery_left/IMG/left_2021_07_17_16_33_40_335.jpg,/home/hunglam/learning/CarND/CarND-Behavioral-Cloning-P3/train_data/Recovery_left/IMG/right_2021_07_17_16_33_40_335.jpg,0,0.6542854,0,27.28389
/home/hunglam/learning/CarND/CarND-Behavioral-Cloning-P3/train_data/Recovery_left/IMG/center_2021_07_17_16_33_40_406.jpg,/home/hunglam/learning/CarND/CarND-Behavioral-Cloning-P3/train_data/Recovery_left/IMG/left_2021_07_17_16_33_40_406.jpg,/home/hunglam/learning/CarND/CarND-Behavioral-Cloning-P3/train_data/Recovery_left/IMG/right_2021_07_17_16_33_40_406.jpg,0,0.4421527,0,27.60136
/home/hunglam/learning/CarND/CarND-Behavioral-Cloning-P3/train_data/Recovery_left/IMG/center_2021_07_17_16_33_40_478.jpg,/home/hunglam/learning/CarND/CarND-Behavioral-Cloning-P3/train_data/Recovery_left/IMG/left_2021_07_17_16_33_40_478.jpg,/home/hunglam/learning/CarND/CarND-Behavioral-Cloning-P3/train_data/Recovery_left/IMG/right_2021_07_17_16_33_40_478.jpg,0,0.2667041,0,27.693
/home/hunglam/learning/CarND/CarND-Behavioral-Cloning-P3/train_data/Recovery_left/IMG/center_2021_07_17_16_33_40_547.jpg,/home/hunglam/learning/CarND/CarND-Behavioral-Cloning-P3/train_data/Recovery_left/IMG/left_2021_07_17_16_33_40_547.jpg,/home/hunglam/learning/CarND/CarND-Behavioral-Cloning-P3/train_data/Recovery_left/IMG/right_2021_07_17_16_33_40_547.jpg,0.004694836,0.01810265,0,27.60746
/home/hunglam/learning/CarND/CarND-Behavioral-Cloning-P3/train_data/Recovery_left/IMG/center_2021_07_17_16_33_40_617.jpg,/home/hunglam/learning/CarND/CarND-Behavioral-Cloning-P3/train_data/Recovery_left/IMG/left_2021_07_17_16_33_40_617.jpg,/home/hunglam/learning/CarND/CarND-Behavioral-Cloning-P3/train_data/Recovery_left/IMG/right_2021_07_17_16_33_40_617.jpg,0.03521127,0,0,27.44293
/home/hunglam/learning/CarND/CarND-Behavioral-Cloning-P3/train_data/Recovery_left/IMG/center_2021_07_17_16_33_40_688.jpg,/home/hunglam/learning/CarND/CarND-Behavioral-Cloning-P3/train_data/Recovery_left/IMG/left_2021_07_17_16_33_40_688.jpg,/home/hunglam/learning/CarND/CarND-Behavioral-Cloning-P3/train_data/Recovery_left/IMG/right_2021_07_17_16_33_40_688.jpg,0.3004695,0,0,27.18245
/home/hunglam/learning/CarND/CarND-Behavioral-Cloning-P3/train_data/Recovery_left/IMG/center_2021_07_17_16_33_40_759.jpg,/home/hunglam/learning/CarND/CarND-Behavioral-Cloning-P3/train_data/Recovery_left/IMG/left_2021_07_17_16_33_40_759.jpg,/home/hunglam/learning/CarND/CarND-Behavioral-Cloning-P3/train_data/Recovery_left/IMG/right_2021_07_17_16_33_40_759.jpg,0.3356808,0,0,26.95471
/home/hunglam/learning/CarND/CarND-Behavioral-Cloning-P3/train_data/Recovery_left/IMG/center_2021_07_17_16_33_40_827.jpg,/home/hunglam/learning/CarND/CarND-Behavioral-Cloning-P3/train_data/Recovery_left/IMG/left_2021_07_17_16_33_40_827.jpg,/home/hunglam/learning/CarND/CarND-Behavioral-Cloning-P3/train_data/Recovery_left/IMG/right_2021_07_17_16_33_40_827.jpg,0,0,0,26.69533
/home/hunglam/learning/CarND/CarND-Behavioral-Cloning-P3/train_data/Recovery_left/IMG/center_2021_07_17_16_33_40_898.jpg,/home/hunglam/learning/CarND/CarND-Behavioral-Cloning-P3/train_data/Recovery_left/IMG/left_2021_07_17_16_33_40_898.jpg,/home/hunglam/learning/CarND/CarND-Behavioral-Cloning-P3/train_data/Recovery_left/IMG/right_2021_07_17_16_33_40_898.jpg,0,0,0,26.52164
/home/hunglam/learning/CarND/CarND-Behavioral-Cloning-P3/train_data/Recovery_left/IMG/center_2021_07_17_16_33_40_969.jpg,/home/hunglam/learning/CarND/CarND-Behavioral-Cloning-P3/train_data/Recovery_left/IMG/left_2021_07_17_16_33_40_969.jpg,/home/hunglam/learning/CarND/CarND-Behavioral-Cloning-P3/train_data/Recovery_left/IMG/right_2021_07_17_16_33_40_969.jpg,0,0,0,26.30398
/home/hunglam/learning/CarND/CarND-Behavioral-Cloning-P3/train_data/Recovery_left/IMG/center_2021_07_17_16_33_41_036.jpg,/home/hunglam/learning/CarND/CarND-Behavioral-Cloning-P3/train_data/Recovery_left/IMG/left_2021_07_17_16_33_41_036.jpg,/home/hunglam/learning/CarND/CarND-Behavioral-Cloning-P3/train_data/Recovery_left/IMG/right_2021_07_17_16_33_41_036.jpg,0,0,0,26.14412
/home/hunglam/learning/CarND/CarND-Behavioral-Cloning-P3/train_data/Recovery_left/IMG/center_2021_07_17_16_33_41_104.jpg,/home/hunglam/learning/CarND/CarND-Behavioral-Cloning-P3/train_data/Recovery_left/IMG/left_2021_07_17_16_33_41_104.jpg,/home/hunglam/learning/CarND/CarND-Behavioral-Cloning-P3/train_data/Recovery_left/IMG/right_2021_07_17_16_33_41_104.jpg,0.004694836,0,0,25.93313
/home/hunglam/learning/CarND/CarND-Behavioral-Cloning-P3/train_data/Recovery_left/IMG/center_2021_07_17_16_33_41_175.jpg,/home/hunglam/learning/CarND/CarND-Behavioral-Cloning-P3/train_data/Recovery_left/IMG/left_2021_07_17_16_33_41_175.jpg,/home/hunglam/learning/CarND/CarND-Behavioral-Cloning-P3/train_data/Recovery_left/IMG/right_2021_07_17_16_33_41_175.jpg,0.004694836,0,0,25.77594
/home/hunglam/learning/CarND/CarND-Behavioral-Cloning-P3/train_data/Recovery_left/IMG/center_2021_07_17_16_33_41_243.jpg,/home/hunglam/learning/CarND/CarND-Behavioral-Cloning-P3/train_data/Recovery_left/IMG/left_2021_07_17_16_33_41_243.jpg,/home/hunglam/learning/CarND/CarND-Behavioral-Cloning-P3/train_data/Recovery_left/IMG/right_2021_07_17_16_33_41_243.jpg,0,0,0,25.6197
/home/hunglam/learning/CarND/CarND-Behavioral-Cloning-P3/train_data/Recovery_left/IMG/center_2021_07_17_16_33_41_311.jpg,/home/hunglam/learning/CarND/CarND-Behavioral-Cloning-P3/train_data/Recovery_left/IMG/left_2021_07_17_16_33_41_311.jpg,/home/hunglam/learning/CarND/CarND-Behavioral-Cloning-P3/train_data/Recovery_left/IMG/right_2021_07_17_16_33_41_311.jpg,0,0,0,25.41287
/home/hunglam/learning/CarND/CarND-Behavioral-Cloning-P3/train_data/Recovery_left/IMG/center_2021_07_17_16_33_41_380.jpg,/home/hunglam/learning/CarND/CarND-Behavioral-Cloning-P3/train_data/Recovery_left/IMG/left_2021_07_17_16_33_41_380.jpg,/home/hunglam/learning/CarND/CarND-Behavioral-Cloning-P3/train_data/Recovery_left/IMG/right_2021_07_17_16_33_41_380.jpg,0,0,0,25.25886
/home/hunglam/learning/CarND/CarND-Behavioral-Cloning-P3/train_data/Recovery_left/IMG/center_2021_07_17_16_33_41_460.jpg,/home/hunglam/learning/CarND/CarND-Behavioral-Cloning-P3/train_data/Recovery_left/IMG/left_2021_07_17_16_33_41_460.jpg,/home/hunglam/learning/CarND/CarND-Behavioral-Cloning-P3/train_data/Recovery_left/IMG/right_2021_07_17_16_33_41_460.jpg,0.03521127,0,0,25.05448
/home/hunglam/learning/CarND/CarND-Behavioral-Cloning-P3/train_data/Recovery_left/IMG/center_2021_07_17_16_33_41_539.jpg,/home/hunglam/learning/CarND/CarND-Behavioral-Cloning-P3/train_data/Recovery_left/IMG/left_2021_07_17_16_33_41_539.jpg,/home/hunglam/learning/CarND/CarND-Behavioral-Cloning-P3/train_data/Recovery_left/IMG/right_2021_07_17_16_33_41_539.jpg,0.08215962,0,0,24.84832
/home/hunglam/learning/CarND/CarND-Behavioral-Cloning-P3/train_data/Recovery_left/IMG/center_2021_07_17_16_33_41_606.jpg,/home/hunglam/learning/CarND/CarND-Behavioral-Cloning-P3/train_data/Recovery_left/IMG/left_2021_07_17_16_33_41_606.jpg,/home/hunglam/learning/CarND/CarND-Behavioral-Cloning-P3/train_data/Recovery_left/IMG/right_2021_07_17_16_33_41_606.jpg,0.2042253,0,0,24.61903
/home/hunglam/learning/CarND/CarND-Behavioral-Cloning-P3/train_data/Recovery_left/IMG/center_2021_07_17_16_33_41_675.jpg,/home/hunglam/learning/CarND/CarND-Behavioral-Cloning-P3/train_data/Recovery_left/IMG/left_2021_07_17_16_33_41_675.jpg,/home/hunglam/learning/CarND/CarND-Behavioral-Cloning-P3/train_data/Recovery_left/IMG/right_2021_07_17_16_33_41_675.jpg,0.2042253,0,0,24.45752
/home/hunglam/learning/CarND/CarND-Behavioral-Cloning-P3/train_data/Recovery_left/IMG/center_2021_07_17_16_33_41_754.jpg,/home/hunglam/learning/CarND/CarND-Behavioral-Cloning-P3/train_data/Recovery_left/IMG/left_2021_07_17_16_33_41_754.jpg,/home/hunglam/learning/CarND/CarND-Behavioral-Cloning-P3/train_data/Recovery_left/IMG/right_2021_07_17_16_33_41_754.jpg,0.2042253,0,0,24.24893
/home/hunglam/learning/CarND/CarND-Behavioral-Cloning-P3/train_data/Recovery_left/IMG/center_2021_07_17_16_33_41_832.jpg,/home/hunglam/learning/CarND/CarND-Behavioral-Cloning-P3/train_data/Recovery_left/IMG/left_2021_07_17_16_33_41_832.jpg,/home/hunglam/learning/CarND/CarND-Behavioral-Cloning-P3/train_data/Recovery_left/IMG/right_2021_07_17_16_33_41_832.jpg,0.2042253,0,0,24.0464
/home/hunglam/learning/CarND/CarND-Behavioral-Cloning-P3/train_data/Recovery_left/IMG/center_2021_07_17_16_33_41_899.jpg,/home/hunglam/learning/CarND/CarND-Behavioral-Cloning-P3/train_data/Recovery_left/IMG/left_2021_07_17_16_33_41_899.jpg,/home/hunglam/learning/CarND/CarND-Behavioral-Cloning-P3/train_data/Recovery_left/IMG/right_2021_07_17_16_33_41_899.jpg,0.2065728,0,0,23.89737
/home/hunglam/learning/CarND/CarND-Behavioral-Cloning-P3/train_data/Recovery_left/IMG/center_2021_07_17_16_33_41_966.jpg,/home/hunglam/learning/CarND/CarND-Behavioral-Cloning-P3/train_data/Recovery_left/IMG/left_2021_07_17_16_33_41_966.jpg,/home/hunglam/learning/CarND/CarND-Behavioral-Cloning-P3/train_data/Recovery_left/IMG/right_2021_07_17_16_33_41_966.jpg,0.2230047,0,0,23.69902
/home/hunglam/learning/CarND/CarND-Behavioral-Cloning-P3/train_data/Recovery_left/IMG/center_2021_07_17_16_33_42_042.jpg,/home/hunglam/learning/CarND/CarND-Behavioral-Cloning-P3/train_data/Recovery_left/IMG/left_2021_07_17_16_33_42_042.jpg,/home/hunglam/learning/CarND/CarND-Behavioral-Cloning-P3/train_data/Recovery_left/IMG/right_2021_07_17_16_33_42_042.jpg,0.2230047,0,0,23.5531
/home/hunglam/learning/CarND/CarND-Behavioral-Cloning-P3/train_data/Recovery_left/IMG/center_2021_07_17_16_33_42_116.jpg,/home/hunglam/learning/CarND/CarND-Behavioral-Cloning-P3/train_data/Recovery_left/IMG/left_2021_07_17_16_33_42_116.jpg,/home/hunglam/learning/CarND/CarND-Behavioral-Cloning-P3/train_data/Recovery_left/IMG/right_2021_07_17_16_33_42_116.jpg,0.2347418,0,0,23.35847
/home/hunglam/learning/CarND/CarND-Behavioral-Cloning-P3/train_data/Recovery_left/IMG/center_2021_07_17_16_33_42_194.jpg,/home/hunglam/learning/CarND/CarND-Behavioral-Cloning-P3/train_data/Recovery_left/IMG/left_2021_07_17_16_33_42_194.jpg,/home/hunglam/learning/CarND/CarND-Behavioral-Cloning-P3/train_data/Recovery_left/IMG/right_2021_07_17_16_33_42_194.jpg,0.2816902,0,0,23.16091
/home/hunglam/learning/CarND/CarND-Behavioral-Cloning-P3/train_data/Recovery_left/IMG/center_2021_07_17_16_33_42_271.jpg,/home/hunglam/learning/CarND/CarND-Behavioral-Cloning-P3/train_data/Recovery_left/IMG/left_2021_07_17_16_33_42_271.jpg,/home/hunglam/learning/CarND/CarND-Behavioral-Cloning-P3/train_data/Recovery_left/IMG/right_2021_07_17_16_33_42_271.jpg,0.286385,0,0,22.96214
/home/hunglam/learning/CarND/CarND-Behavioral-Cloning-P3/train_data/Recovery_left/IMG/center_2021_07_17_16_33_42_346.jpg,/home/hunglam/learning/CarND/CarND-Behavioral-Cloning-P3/train_data/Recovery_left/IMG/left_2021_07_17_16_33_42_346.jpg,/home/hunglam/learning/CarND/CarND-Behavioral-Cloning-P3/train_data/Recovery_left/IMG/right_2021_07_17_16_33_42_346.jpg,0.3239437,0,0,22.76497
/home/hunglam/learning/CarND/CarND-Behavioral-Cloning-P3/train_data/Recovery_left/IMG/center_2021_07_17_16_33_42_419.jpg,/home/hunglam/learning/CarND/CarND-Behavioral-Cloning-P3/train_data/Recovery_left/IMG/left_2021_07_17_16_33_42_419.jpg,/home/hunglam/learning/CarND/CarND-Behavioral-Cloning-P3/train_data/Recovery_left/IMG/right_2021_07_17_16_33_42_419.jpg,0.3474178,0,0,22.61462
/home/hunglam/learning/CarND/CarND-Behavioral-Cloning-P3/train_data/Recovery_left/IMG/center_2021_07_17_16_33_42_504.jpg,/home/hunglam/learning/CarND/CarND-Behavioral-Cloning-P3/train_data/Recovery_left/IMG/left_2021_07_17_16_33_42_504.jpg,/home/hunglam/learning/CarND/CarND-Behavioral-Cloning-P3/train_data/Recovery_left/IMG/right_2021_07_17_16_33_42_504.jpg,0.4812207,0,0,22.33409
/home/hunglam/learning/CarND/CarND-Behavioral-Cloning-P3/train_data/Recovery_left/IMG/center_2021_07_17_16_33_42_579.jpg,/home/hunglam/learning/CarND/CarND-Behavioral-Cloning-P3/train_data/Recovery_left/IMG/left_2021_07_17_16_33_42_579.jpg,/home/hunglam/learning/CarND/CarND-Behavioral-Cloning-P3/train_data/Recovery_left/IMG/right_2021_07_17_16_33_42_579.jpg,0.4835681,0,0,22.17081
/home/hunglam/learning/CarND/CarND-Behavioral-Cloning-P3/train_data/Recovery_left/IMG/center_2021_07_17_16_33_42_648.jpg,/home/hunglam/learning/CarND/CarND-Behavioral-Cloning-P3/train_data/Recovery_left/IMG/left_2021_07_17_16_33_42_648.jpg,/home/hunglam/learning/CarND/CarND-Behavioral-Cloning-P3/train_data/Recovery_left/IMG/right_2021_07_17_16_33_42_648.jpg,0.4906103,0,0,21.9707
/home/hunglam/learning/CarND/CarND-Behavioral-Cloning-P3/train_data/Recovery_left/IMG/center_2021_07_17_16_33_42_715.jpg,/home/hunglam/learning/CarND/CarND-Behavioral-Cloning-P3/train_data/Recovery_left/IMG/left_2021_07_17_16_33_42_715.jpg,/home/hunglam/learning/CarND/CarND-Behavioral-Cloning-P3/train_data/Recovery_left/IMG/right_2021_07_17_16_33_42_715.jpg,0.4929577,0,0,21.8259
/home/hunglam/learning/CarND/CarND-Behavioral-Cloning-P3/train_data/Recovery_left/IMG/center_2021_07_17_16_33_42_783.jpg,/home/hunglam/learning/CarND/CarND-Behavioral-Cloning-P3/train_data/Recovery_left/IMG/left_2021_07_17_16_33_42_783.jpg,/home/hunglam/learning/CarND/CarND-Behavioral-Cloning-P3/train_data/Recovery_left/IMG/right_2021_07_17_16_33_42_783.jpg,0.4929577,0,0,21.68443
/home/hunglam/learning/CarND/CarND-Behavioral-Cloning-P3/train_data/Recovery_left/IMG/center_2021_07_17_16_33_42_850.jpg,/home/hunglam/learning/CarND/CarND-Behavioral-Cloning-P3/train_data/Recovery_left/IMG/left_2021_07_17_16_33_42_850.jpg,/home/hunglam/learning/CarND/CarND-Behavioral-Cloning-P3/train_data/Recovery_left/IMG/right_2021_07_17_16_33_42_850.jpg,0.4929577,0,0,21.49944
/home/hunglam/learning/CarND/CarND-Behavioral-Cloning-P3/train_data/Recovery_left/IMG/center_2021_07_17_16_33_42_917.jpg,/home/hunglam/learning/CarND/CarND-Behavioral-Cloning-P3/train_data/Recovery_left/IMG/left_2021_07_17_16_33_42_917.jpg,/home/hunglam/learning/CarND/CarND-Behavioral-Cloning-P3/train_data/Recovery_left/IMG/right_2021_07_17_16_33_42_917.jpg,0.4929577,0,0,21.36275
/home/hunglam/learning/CarND/CarND-Behavioral-Cloning-P3/train_data/Recovery_left/IMG/center_2021_07_17_16_33_42_988.jpg,/home/hunglam/learning/CarND/CarND-Behavioral-Cloning-P3/train_data/Recovery_left/IMG/left_2021_07_17_16_33_42_988.jpg,/home/hunglam/learning/CarND/CarND-Behavioral-Cloning-P3/train_data/Recovery_left/IMG/right_2021_07_17_16_33_42_988.jpg,0.4929577,0,0,21.18502
/home/hunglam/learning/CarND/CarND-Behavioral-Cloning-P3/train_data/Recovery_left/IMG/center_2021_07_17_16_33_43_058.jpg,/home/hunglam/learning/CarND/CarND-Behavioral-Cloning-P3/train_data/Recovery_left/IMG/left_2021_07_17_16_33_43_058.jpg,/home/hunglam/learning/CarND/CarND-Behavioral-Cloning-P3/train_data/Recovery_left/IMG/right_2021_07_17_16_33_43_058.jpg,0.4929577,0,0,21.05458
/home/hunglam/learning/CarND/CarND-Behavioral-Cloning-P3/train_data/Recovery_left/IMG/center_2021_07_17_16_33_43_135.jpg,/home/hunglam/learning/CarND/CarND-Behavioral-Cloning-P3/train_data/Recovery_left/IMG/left_2021_07_17_16_33_43_135.jpg,/home/hunglam/learning/CarND/CarND-Behavioral-Cloning-P3/train_data/Recovery_left/IMG/right_2021_07_17_16_33_43_135.jpg,0.4906103,0,0,20.88275
/home/hunglam/learning/CarND/CarND-Behavioral-Cloning-P3/train_data/Recovery_left/IMG/center_2021_07_17_16_33_43_203.jpg,/home/hunglam/learning/CarND/CarND-Behavioral-Cloning-P3/train_data/Recovery_left/IMG/left_2021_07_17_16_33_43_203.jpg,/home/hunglam/learning/CarND/CarND-Behavioral-Cloning-P3/train_data/Recovery_left/IMG/right_2021_07_17_16_33_43_203.jpg,0,0,0,20.68011
/home/hunglam/learning/CarND/CarND-Behavioral-Cloning-P3/train_data/Recovery_left/IMG/center_2021_07_17_16_33_43_279.jpg,/home/hunglam/learning/CarND/CarND-Behavioral-Cloning-P3/train_data/Recovery_left/IMG/left_2021_07_17_16_33_43_279.jpg,/home/hunglam/learning/CarND/CarND-Behavioral-Cloning-P3/train_data/Recovery_left/IMG/right_2021_07_17_16_33_43_279.jpg,0,0,0,20.47715
/home/hunglam/learning/CarND/CarND-Behavioral-Cloning-P3/train_data/Recovery_left/IMG/center_2021_07_17_16_33_43_354.jpg,/home/hunglam/learning/CarND/CarND-Behavioral-Cloning-P3/train_data/Recovery_left/IMG/left_2021_07_17_16_33_43_354.jpg,/home/hunglam/learning/CarND/CarND-Behavioral-Cloning-P3/train_data/Recovery_left/IMG/right_2021_07_17_16_33_43_354.jpg,0,0,0,20.25278
/home/hunglam/learning/CarND/CarND-Behavioral-Cloning-P3/train_data/Recovery_left/IMG/center_2021_07_17_16_33_43_431.jpg,/home/hunglam/learning/CarND/CarND-Behavioral-Cloning-P3/train_data/Recovery_left/IMG/left_2021_07_17_16_33_43_431.jpg,/home/hunglam/learning/CarND/CarND-Behavioral-Cloning-P3/train_data/Recovery_left/IMG/right_2021_07_17_16_33_43_431.jpg,0,0,0,20.0849
/home/hunglam/learning/CarND/CarND-Behavioral-Cloning-P3/train_data/Recovery_left/IMG/center_2021_07_17_16_33_43_508.jpg,/home/hunglam/learning/CarND/CarND-Behavioral-Cloning-P3/train_data/Recovery_left/IMG/left_2021_07_17_16_33_43_508.jpg,/home/hunglam/learning/CarND/CarND-Behavioral-Cloning-P3/train_data/Recovery_left/IMG/right_2021_07_17_16_33_43_508.jpg,0,0,0,19.9048
/home/hunglam/learning/CarND/CarND-Behavioral-Cloning-P3/train_data/Recovery_left/IMG/center_2021_07_17_16_33_43_584.jpg,/home/hunglam/learning/CarND/CarND-Behavioral-Cloning-P3/train_data/Recovery_left/IMG/left_2021_07_17_16_33_43_584.jpg,/home/hunglam/learning/CarND/CarND-Behavioral-Cloning-P3/train_data/Recovery_left/IMG/right_2021_07_17_16_33_43_584.jpg,0,0,0,19.6839
/home/hunglam/learning/CarND/CarND-Behavioral-Cloning-P3/train_data/Recovery_left/IMG/center_2021_07_17_16_33_43_656.jpg,/home/hunglam/learning/CarND/CarND-Behavioral-Cloning-P3/train_data/Recovery_left/IMG/left_2021_07_17_16_33_43_656.jpg,/home/hunglam/learning/CarND/CarND-Behavioral-Cloning-P3/train_data/Recovery_left/IMG/right_2021_07_17_16_33_43_656.jpg,0,0,0,19.89455
/home/hunglam/learning/CarND/CarND-Behavioral-Cloning-P3/train_data/Recovery_left/IMG/center_2021_07_17_16_33_43_731.jpg,/home/hunglam/learning/CarND/CarND-Behavioral-Cloning-P3/train_data/Recovery_left/IMG/left_2021_07_17_16_33_43_731.jpg,/home/hunglam/learning/CarND/CarND-Behavioral-Cloning-P3/train_data/Recovery_left/IMG/right_2021_07_17_16_33_43_731.jpg,0.1643192,0,0,19.73542
/home/hunglam/learning/CarND/CarND-Behavioral-Cloning-P3/train_data/Recovery_left/IMG/center_2021_07_17_16_33_43_805.jpg,/home/hunglam/learning/CarND/CarND-Behavioral-Cloning-P3/train_data/Recovery_left/IMG/left_2021_07_17_16_33_43_805.jpg,/home/hunglam/learning/CarND/CarND-Behavioral-Cloning-P3/train_data/Recovery_left/IMG/right_2021_07_17_16_33_43_805.jpg,0.342723,0,0,19.52642
/home/hunglam/learning/CarND/CarND-Behavioral-Cloning-P3/train_data/Recovery_left/IMG/center_2021_07_17_16_33_43_878.jpg,/home/hunglam/learning/CarND/CarND-Behavioral-Cloning-P3/train_data/Recovery_left/IMG/left_2021_07_17_16_33_43_878.jpg,/home/hunglam/learning/CarND/CarND-Behavioral-Cloning-P3/train_data/Recovery_left/IMG/right_2021_07_17_16_33_43_878.jpg,0.3521127,0,0,18.98186
/home/hunglam/learning/CarND/CarND-Behavioral-Cloning-P3/train_data/Recovery_left/IMG/center_2021_07_17_16_33_43_949.jpg,/home/hunglam/learning/CarND/CarND-Behavioral-Cloning-P3/train_data/Recovery_left/IMG/left_2021_07_17_16_33_43_949.jpg,/home/hunglam/learning/CarND/CarND-Behavioral-Cloning-P3/train_data/Recovery_left/IMG/right_2021_07_17_16_33_43_949.jpg,0.3521127,0,0,18.77958
/home/hunglam/learning/CarND/CarND-Behavioral-Cloning-P3/train_data/Recovery_left/IMG/center_2021_07_17_16_33_44_022.jpg,/home/hunglam/learning/CarND/CarND-Behavioral-Cloning-P3/train_data/Recovery_left/IMG/left_2021_07_17_16_33_44_022.jpg,/home/hunglam/learning/CarND/CarND-Behavioral-Cloning-P3/train_data/Recovery_left/IMG/right_2021_07_17_16_33_44_022.jpg,0.3521127,0,0,19.10505
/home/hunglam/learning/CarND/CarND-Behavioral-Cloning-P3/train_data/Recovery_left/IMG/center_2021_07_17_16_33_44_097.jpg,/home/hunglam/learning/CarND/CarND-Behavioral-Cloning-P3/train_data/Recovery_left/IMG/left_2021_07_17_16_33_44_097.jpg,/home/hunglam/learning/CarND/CarND-Behavioral-Cloning-P3/train_data/Recovery_left/IMG/right_2021_07_17_16_33_44_097.jpg,0.3521127,0,0,18.94911
/home/hunglam/learning/CarND/CarND-Behavioral-Cloning-P3/train_data/Recovery_left/IMG/center_2021_07_17_16_33_44_175.jpg,/home/hunglam/learning/CarND/CarND-Behavioral-Cloning-P3/train_data/Recovery_left/IMG/left_2021_07_17_16_33_44_175.jpg,/home/hunglam/learning/CarND/CarND-Behavioral-Cloning-P3/train_data/Recovery_left/IMG/right_2021_07_17_16_33_44_175.jpg,0.3521127,0,0,18.79748
/home/hunglam/learning/CarND/CarND-Behavioral-Cloning-P3/train_data/Recovery_left/IMG/center_2021_07_17_16_33_44_243.jpg,/home/hunglam/learning/CarND/CarND-Behavioral-Cloning-P3/train_data/Recovery_left/IMG/left_2021_07_17_16_33_44_243.jpg,/home/hunglam/learning/CarND/CarND-Behavioral-Cloning-P3/train_data/Recovery_left/IMG/right_2021_07_17_16_33_44_243.jpg,0.3521127,0,0,18.20955
/home/hunglam/learning/CarND/CarND-Behavioral-Cloning-P3/train_data/Recovery_left/IMG/center_2021_07_17_16_33_44_322.jpg,/home/hunglam/learning/CarND/CarND-Behavioral-Cloning-P3/train_data/Recovery_left/IMG/left_2021_07_17_16_33_44_322.jpg,/home/hunglam/learning/CarND/CarND-Behavioral-Cloning-P3/train_data/Recovery_left/IMG/right_2021_07_17_16_33_44_322.jpg,0.3521127,0,0,18.04855
/home/hunglam/learning/CarND/CarND-Behavioral-Cloning-P3/train_data/Recovery_left/IMG/center_2021_07_17_16_33_44_390.jpg,/home/hunglam/learning/CarND/CarND-Behavioral-Cloning-P3/train_data/Recovery_left/IMG/left_2021_07_17_16_33_44_390.jpg,/home/hunglam/learning/CarND/CarND-Behavioral-Cloning-P3/train_data/Recovery_left/IMG/right_2021_07_17_16_33_44_390.jpg,0.3521127,0,0,17.89802
/home/hunglam/learning/CarND/CarND-Behavioral-Cloning-P3/train_data/Recovery_left/IMG/center_2021_07_17_16_33_44_459.jpg,/home/hunglam/learning/CarND/CarND-Behavioral-Cloning-P3/train_data/Recovery_left/IMG/left_2021_07_17_16_33_44_459.jpg,/home/hunglam/learning/CarND/CarND-Behavioral-Cloning-P3/train_data/Recovery_left/IMG/right_2021_07_17_16_33_44_459.jpg,0.3521127,0,0,18.28605
/home/hunglam/learning/CarND/CarND-Behavioral-Cloning-P3/train_data/Recovery_left/IMG/center_2021_07_17_16_33_44_530.jpg,/home/hunglam/learning/CarND/CarND-Behavioral-Cloning-P3/train_data/Recovery_left/IMG/left_2021_07_17_16_33_44_530.jpg,/home/hunglam/learning/CarND/CarND-Behavioral-Cloning-P3/train_data/Recovery_left/IMG/right_2021_07_17_16_33_44_530.jpg,0.4248826,0,0,18.13457
/home/hunglam/learning/CarND/CarND-Behavioral-Cloning-P3/train_data/Recovery_left/IMG/center_2021_07_17_16_33_44_603.jpg,/home/hunglam/learning/CarND/CarND-Behavioral-Cloning-P3/train_data/Recovery_left/IMG/left_2021_07_17_16_33_44_603.jpg,/home/hunglam/learning/CarND/CarND-Behavioral-Cloning-P3/train_data/Recovery_left/IMG/right_2021_07_17_16_33_44_603.jpg,0.471831,0,0,17.49941
/home/hunglam/learning/CarND/CarND-Behavioral-Cloning-P3/train_data/Recovery_left/IMG/center_2021_07_17_16_33_44_679.jpg,/home/hunglam/learning/CarND/CarND-Behavioral-Cloning-P3/train_data/Recovery_left/IMG/left_2021_07_17_16_33_44_679.jpg,/home/hunglam/learning/CarND/CarND-Behavioral-Cloning-P3/train_data/Recovery_left/IMG/right_2021_07_17_16_33_44_679.jpg,0.471831,0,0,17.3308
/home/hunglam/learning/CarND/CarND-Behavioral-Cloning-P3/train_data/Recovery_left/IMG/center_2021_07_17_16_33_44_759.jpg,/home/hunglam/learning/CarND/CarND-Behavioral-Cloning-P3/train_data/Recovery_left/IMG/left_2021_07_17_16_33_44_759.jpg,/home/hunglam/learning/CarND/CarND-Behavioral-Cloning-P3/train_data/Recovery_left/IMG/right_2021_07_17_16_33_44_759.jpg,0.471831,0,0,17.18254
/home/hunglam/learning/CarND/CarND-Behavioral-Cloning-P3/train_data/Recovery_left/IMG/center_2021_07_17_16_33_44_837.jpg,/home/hunglam/learning/CarND/CarND-Behavioral-Cloning-P3/train_data/Recovery_left/IMG/left_2021_07_17_16_33_44_837.jpg,/home/hunglam/learning/CarND/CarND-Behavioral-Cloning-P3/train_data/Recovery_left/IMG/right_2021_07_17_16_33_44_837.jpg,0.471831,0,0,17.037
/home/hunglam/learning/CarND/CarND-Behavioral-Cloning-P3/train_data/Recovery_left/IMG/center_2021_07_17_16_33_44_916.jpg,/home/hunglam/learning/CarND/CarND-Behavioral-Cloning-P3/train_data/Recovery_left/IMG/left_2021_07_17_16_33_44_916.jpg,/home/hunglam/learning/CarND/CarND-Behavioral-Cloning-P3/train_data/Recovery_left/IMG/right_2021_07_17_16_33_44_916.jpg,0.4647887,0,0,16.88977
/home/hunglam/learning/CarND/CarND-Behavioral-Cloning-P3/train_data/Recovery_left/IMG/center_2021_07_17_16_33_44_994.jpg,/home/hunglam/learning/CarND/CarND-Behavioral-Cloning-P3/train_data/Recovery_left/IMG/left_2021_07_17_16_33_44_994.jpg,/home/hunglam/learning/CarND/CarND-Behavioral-Cloning-P3/train_data/Recovery_left/IMG/right_2021_07_17_16_33_44_994.jpg,0.4577465,0,0,16.7572
/home/hunglam/learning/CarND/CarND-Behavioral-Cloning-P3/train_data/Recovery_left/IMG/center_2021_07_17_16_33_45_074.jpg,/home/hunglam/learning/CarND/CarND-Behavioral-Cloning-P3/train_data/Recovery_left/IMG/left_2021_07_17_16_33_45_074.jpg,/home/hunglam/learning/CarND/CarND-Behavioral-Cloning-P3/train_data/Recovery_left/IMG/right_2021_07_17_16_33_45_074.jpg,0,0,0,16.57981
/home/hunglam/learning/CarND/CarND-Behavioral-Cloning-P3/train_data/Recovery_left/IMG/center_2021_07_17_16_33_45_153.jpg,/home/hunglam/learning/CarND/CarND-Behavioral-Cloning-P3/train_data/Recovery_left/IMG/left_2021_07_17_16_33_45_153.jpg,/home/hunglam/learning/CarND/CarND-Behavioral-Cloning-P3/train_data/Recovery_left/IMG/right_2021_07_17_16_33_45_153.jpg,0,0,0,16.41415
/home/hunglam/learning/CarND/CarND-Behavioral-Cloning-P3/train_data/Recovery_left/IMG/center_2021_07_17_16_33_45_231.jpg,/home/hunglam/learning/CarND/CarND-Behavioral-Cloning-P3/train_data/Recovery_left/IMG/left_2021_07_17_16_33_45_231.jpg,/home/hunglam/learning/CarND/CarND-Behavioral-Cloning-P3/train_data/Recovery_left/IMG/right_2021_07_17_16_33_45_231.jpg,0,0,0,16.27712
/home/hunglam/learning/CarND/CarND-Behavioral-Cloning-P3/train_data/Recovery_left/IMG/center_2021_07_17_16_33_45_307.jpg,/home/hunglam/learning/CarND/CarND-Behavioral-Cloning-P3/train_data/Recovery_left/IMG/left_2021_07_17_16_33_45_307.jpg,/home/hunglam/learning/CarND/CarND-Behavioral-Cloning-P3/train_data/Recovery_left/IMG/right_2021_07_17_16_33_45_307.jpg,0,0,0,16.14175
/home/hunglam/learning/CarND/CarND-Behavioral-Cloning-P3/train_data/Recovery_left/IMG/center_2021_07_17_16_33_45_386.jpg,/home/hunglam/learning/CarND/CarND-Behavioral-Cloning-P3/train_data/Recovery_left/IMG/left_2021_07_17_16_33_45_386.jpg,/home/hunglam/learning/CarND/CarND-Behavioral-Cloning-P3/train_data/Recovery_left/IMG/right_2021_07_17_16_33_45_386.jpg,0,0,0,16.00923
/home/hunglam/learning/CarND/CarND-Behavioral-Cloning-P3/train_data/Recovery_left/IMG/center_2021_07_17_16_33_45_465.jpg,/home/hunglam/learning/CarND/CarND-Behavioral-Cloning-P3/train_data/Recovery_left/IMG/left_2021_07_17_16_33_45_465.jpg,/home/hunglam/learning/CarND/CarND-Behavioral-Cloning-P3/train_data/Recovery_left/IMG/right_2021_07_17_16_33_45_465.jpg,0,0,0,15.87974
/home/hunglam/learning/CarND/CarND-Behavioral-Cloning-P3/train_data/Recovery_left/IMG/center_2021_07_17_16_33_45_541.jpg,/home/hunglam/learning/CarND/CarND-Behavioral-Cloning-P3/train_data/Recovery_left/IMG/left_2021_07_17_16_33_45_541.jpg,/home/hunglam/learning/CarND/CarND-Behavioral-Cloning-P3/train_data/Recovery_left/IMG/right_2021_07_17_16_33_45_541.jpg,0,0,0,16.3259
/home/hunglam/learning/CarND/CarND-Behavioral-Cloning-P3/train_data/Recovery_left/IMG/center_2021_07_17_16_33_45_618.jpg,/home/hunglam/learning/CarND/CarND-Behavioral-Cloning-P3/train_data/Recovery_left/IMG/left_2021_07_17_16_33_45_618.jpg,/home/hunglam/learning/CarND/CarND-Behavioral-Cloning-P3/train_data/Recovery_left/IMG/right_2021_07_17_16_33_45_618.jpg,0,0,0,16.19895
/home/hunglam/learning/CarND/CarND-Behavioral-Cloning-P3/train_data/Recovery_left/IMG/center_2021_07_17_16_33_45_701.jpg,/home/hunglam/learning/CarND/CarND-Behavioral-Cloning-P3/train_data/Recovery_left/IMG/left_2021_07_17_16_33_45_701.jpg,/home/hunglam/learning/CarND/CarND-Behavioral-Cloning-P3/train_data/Recovery_left/IMG/right_2021_07_17_16_33_45_701.jpg,0,0,0,16.07386
/home/hunglam/learning/CarND/CarND-Behavioral-Cloning-P3/train_data/Recovery_left/IMG/center_2021_07_17_16_33_45_779.jpg,/home/hunglam/learning/CarND/CarND-Behavioral-Cloning-P3/train_data/Recovery_left/IMG/left_2021_07_17_16_33_45_779.jpg,/home/hunglam/learning/CarND/CarND-Behavioral-Cloning-P3/train_data/Recovery_left/IMG/right_2021_07_17_16_33_45_779.jpg,0,0,0,15.95127
/home/hunglam/learning/CarND/CarND-Behavioral-Cloning-P3/train_data/Recovery_left/IMG/center_2021_07_17_16_33_45_854.jpg,/home/hunglam/learning/CarND/CarND-Behavioral-Cloning-P3/train_data/Recovery_left/IMG/left_2021_07_17_16_33_45_854.jpg,/home/hunglam/learning/CarND/CarND-Behavioral-Cloning-P3/train_data/Recovery_left/IMG/right_2021_07_17_16_33_45_854.jpg,0,0,0,15.82809
/home/hunglam/learning/CarND/CarND-Behavioral-Cloning-P3/train_data/Recovery_left/IMG/center_2021_07_17_16_33_45_922.jpg,/home/hunglam/learning/CarND/CarND-Behavioral-Cloning-P3/train_data/Recovery_left/IMG/left_2021_07_17_16_33_45_922.jpg,/home/hunglam/learning/CarND/CarND-Behavioral-Cloning-P3/train_data/Recovery_left/IMG/right_2021_07_17_16_33_45_922.jpg,0,0,0,15.21109
/home/hunglam/learning/CarND/CarND-Behavioral-Cloning-P3/train_data/Recovery_left/IMG/center_2021_07_17_16_33_45_998.jpg,/home/hunglam/learning/CarND/CarND-Behavioral-Cloning-P3/train_data/Recovery_left/IMG/left_2021_07_17_16_33_45_998.jpg,/home/hunglam/learning/CarND/CarND-Behavioral-Cloning-P3/train_data/Recovery_left/IMG/right_2021_07_17_16_33_45_998.jpg,0.004694836,0,0,15.08921
/home/hunglam/learning/CarND/CarND-Behavioral-Cloning-P3/train_data/Recovery_left/IMG/center_2021_07_17_16_33_46_073.jpg,/home/hunglam/learning/CarND/CarND-Behavioral-Cloning-P3/train_data/Recovery_left/IMG/left_2021_07_17_16_33_46_073.jpg,/home/hunglam/learning/CarND/CarND-Behavioral-Cloning-P3/train_data/Recovery_left/IMG/right_2021_07_17_16_33_46_073.jpg,0.09859154,0,0,14.96501
/home/hunglam/learning/CarND/CarND-Behavioral-Cloning-P3/train_data/Recovery_left/IMG/center_2021_07_17_16_33_46_142.jpg,/home/hunglam/learning/CarND/CarND-Behavioral-Cloning-P3/train_data/Recovery_left/IMG/left_2021_07_17_16_33_46_142.jpg,/home/hunglam/learning/CarND/CarND-Behavioral-Cloning-P3/train_data/Recovery_left/IMG/right_2021_07_17_16_33_46_142.jpg,0.09859154,0,0,15.38945
/home/hunglam/learning/CarND/CarND-Behavioral-Cloning-P3/train_data/Recovery_left/IMG/center_2021_07_17_16_33_46_221.jpg,/home/hunglam/learning/CarND/CarND-Behavioral-Cloning-P3/train_data/Recovery_left/IMG/left_2021_07_17_16_33_46_221.jpg,/home/hunglam/learning/CarND/CarND-Behavioral-Cloning-P3/train_data/Recovery_left/IMG/right_2021_07_17_16_33_46_221.jpg,0.09859154,0,0,15.26556
/home/hunglam/learning/CarND/CarND-Behavioral-Cloning-P3/train_data/Recovery_left/IMG/center_2021_07_17_16_33_46_294.jpg,/home/hunglam/learning/CarND/CarND-Behavioral-Cloning-P3/train_data/Recovery_left/IMG/left_2021_07_17_16_33_46_294.jpg,/home/hunglam/learning/CarND/CarND-Behavioral-Cloning-P3/train_data/Recovery_left/IMG/right_2021_07_17_16_33_46_294.jpg,0.09859154,0,0,15.14169
/home/hunglam/learning/CarND/CarND-Behavioral-Cloning-P3/train_data/Recovery_left/IMG/center_2021_07_17_16_33_46_357.jpg,/home/hunglam/learning/CarND/CarND-Behavioral-Cloning-P3/train_data/Recovery_left/IMG/left_2021_07_17_16_33_46_357.jpg,/home/hunglam/learning/CarND/CarND-Behavioral-Cloning-P3/train_data/Recovery_left/IMG/right_2021_07_17_16_33_46_357.jpg,0.09859154,0,0,14.54712
/home/hunglam/learning/CarND/CarND-Behavioral-Cloning-P3/train_data/Recovery_left/IMG/center_2021_07_17_16_33_46_437.jpg,/home/hunglam/learning/CarND/CarND-Behavioral-Cloning-P3/train_data/Recovery_left/IMG/left_2021_07_17_16_33_46_437.jpg,/home/hunglam/learning/CarND/CarND-Behavioral-Cloning-P3/train_data/Recovery_left/IMG/right_2021_07_17_16_33_46_437.jpg,0.09859154,0,0,14.43334
/home/hunglam/learning/CarND/CarND-Behavioral-Cloning-P3/train_data/Recovery_left/IMG/center_2021_07_17_16_33_46_517.jpg,/home/hunglam/learning/CarND/CarND-Behavioral-Cloning-P3/train_data/Recovery_left/IMG/left_2021_07_17_16_33_46_517.jpg,/home/hunglam/learning/CarND/CarND-Behavioral-Cloning-P3/train_data/Recovery_left/IMG/right_2021_07_17_16_33_46_517.jpg,0.09859154,0,0,14.30902
/home/hunglam/learning/CarND/CarND-Behavioral-Cloning-P3/train_data/Recovery_left/IMG/center_2021_07_17_16_33_46_585.jpg,/home/hunglam/learning/CarND/CarND-Behavioral-Cloning-P3/train_data/Recovery_left/IMG/left_2021_07_17_16_33_46_585.jpg,/home/hunglam/learning/CarND/CarND-Behavioral-Cloning-P3/train_data/Recovery_left/IMG/right_2021_07_17_16_33_46_585.jpg,0.09859154,0,0,14.19897
/home/hunglam/learning/CarND/CarND-Behavioral-Cloning-P3/train_data/Recovery_left/IMG/center_2021_07_17_16_33_46_657.jpg,/home/hunglam/learning/CarND/CarND-Behavioral-Cloning-P3/train_data/Recovery_left/IMG/left_2021_07_17_16_33_46_657.jpg,/home/hunglam/learning/CarND/CarND-Behavioral-Cloning-P3/train_data/Recovery_left/IMG/right_2021_07_17_16_33_46_657.jpg,0,0,0,14.60669
/home/hunglam/learning/CarND/CarND-Behavioral-Cloning-P3/train_data/Recovery_left/IMG/center_2021_07_17_16_33_46_721.jpg,/home/hunglam/learning/CarND/CarND-Behavioral-Cloning-P3/train_data/Recovery_left/IMG/left_2021_07_17_16_33_46_721.jpg,/home/hunglam/learning/CarND/CarND-Behavioral-Cloning-P3/train_data/Recovery_left/IMG/right_2021_07_17_16_33_46_721.jpg,0,0,0,14.00594
/home/hunglam/learning/CarND/CarND-Behavioral-Cloning-P3/train_data/Recovery_left/IMG/center_2021_07_17_16_33_46_789.jpg,/home/hunglam/learning/CarND/CarND-Behavioral-Cloning-P3/train_data/Recovery_left/IMG/left_2021_07_17_16_33_46_789.jpg,/home/hunglam/learning/CarND/CarND-Behavioral-Cloning-P3/train_data/Recovery_left/IMG/right_2021_07_17_16_33_46_789.jpg,0,0,0,13.88348
/home/hunglam/learning/CarND/CarND-Behavioral-Cloning-P3/train_data/Recovery_left/IMG/center_2021_07_17_16_33_46_861.jpg,/home/hunglam/learning/CarND/CarND-Behavioral-Cloning-P3/train_data/Recovery_left/IMG/left_2021_07_17_16_33_46_861.jpg,/home/hunglam/learning/CarND/CarND-Behavioral-Cloning-P3/train_data/Recovery_left/IMG/right_2021_07_17_16_33_46_861.jpg,0,0,0,14.30126
/home/hunglam/learning/CarND/CarND-Behavioral-Cloning-P3/train_data/Recovery_left/IMG/center_2021_07_17_16_33_46_929.jpg,/home/hunglam/learning/CarND/CarND-Behavioral-Cloning-P3/train_data/Recovery_left/IMG/left_2021_07_17_16_33_46_929.jpg,/home/hunglam/learning/CarND/CarND-Behavioral-Cloning-P3/train_data/Recovery_left/IMG/right_2021_07_17_16_33_46_929.jpg,0,0,0,14.19522
/home/hunglam/learning/CarND/CarND-Behavioral-Cloning-P3/train_data/Recovery_left/IMG/center_2021_07_17_16_33_46_993.jpg,/home/hunglam/learning/CarND/CarND-Behavioral-Cloning-P3/train_data/Recovery_left/IMG/left_2021_07_17_16_33_46_993.jpg,/home/hunglam/learning/CarND/CarND-Behavioral-Cloning-P3/train_data/Recovery_left/IMG/right_2021_07_17_16_33_46_993.jpg,0,0,0,13.6117
/home/hunglam/learning/CarND/CarND-Behavioral-Cloning-P3/train_data/Recovery_left/IMG/center_2021_07_17_16_33_47_061.jpg,/home/hunglam/learning/CarND/CarND-Behavioral-Cloning-P3/train_data/Recovery_left/IMG/left_2021_07_17_16_33_47_061.jpg,/home/hunglam/learning/CarND/CarND-Behavioral-Cloning-P3/train_data/Recovery_left/IMG/right_2021_07_17_16_33_47_061.jpg,0,0,0,13.99152
/home/hunglam/learning/CarND/CarND-Behavioral-Cloning-P3/train_data/Recovery_left/IMG/center_2021_07_17_16_33_47_135.jpg,/home/hunglam/learning/CarND/CarND-Behavioral-Cloning-P3/train_data/Recovery_left/IMG/left_2021_07_17_16_33_47_135.jpg,/home/hunglam/learning/CarND/CarND-Behavioral-Cloning-P3/train_data/Recovery_left/IMG/right_2021_07_17_16_33_47_135.jpg,0,0,0,13.90763
/home/hunglam/learning/CarND/CarND-Behavioral-Cloning-P3/train_data/Recovery_left/IMG/center_2021_07_17_16_33_47_201.jpg,/home/hunglam/learning/CarND/CarND-Behavioral-Cloning-P3/train_data/Recovery_left/IMG/left_2021_07_17_16_33_47_201.jpg,/home/hunglam/learning/CarND/CarND-Behavioral-Cloning-P3/train_data/Recovery_left/IMG/right_2021_07_17_16_33_47_201.jpg,0,0,0,13.33208
/home/hunglam/learning/CarND/CarND-Behavioral-Cloning-P3/train_data/Recovery_left/IMG/center_2021_07_17_16_33_47_271.jpg,/home/hunglam/learning/CarND/CarND-Behavioral-Cloning-P3/train_data/Recovery_left/IMG/left_2021_07_17_16_33_47_271.jpg,/home/hunglam/learning/CarND/CarND-Behavioral-Cloning-P3/train_data/Recovery_left/IMG/right_2021_07_17_16_33_47_271.jpg,0,0,0,13.19075
/home/hunglam/learning/CarND/CarND-Behavioral-Cloning-P3/train_data/Recovery_left/IMG/center_2021_07_17_16_33_47_340.jpg,/home/hunglam/learning/CarND/CarND-Behavioral-Cloning-P3/train_data/Recovery_left/IMG/left_2021_07_17_16_33_47_340.jpg,/home/hunglam/learning/CarND/CarND-Behavioral-Cloning-P3/train_data/Recovery_left/IMG/right_2021_07_17_16_33_47_340.jpg,0,0,0,13.58464
/home/hunglam/learning/CarND/CarND-Behavioral-Cloning-P3/train_data/Recovery_left/IMG/center_2021_07_17_16_33_47_410.jpg,/home/hunglam/learning/CarND/CarND-Behavioral-Cloning-P3/train_data/Recovery_left/IMG/left_2021_07_17_16_33_47_410.jpg,/home/hunglam/learning/CarND/CarND-Behavioral-Cloning-P3/train_data/Recovery_left/IMG/right_2021_07_17_16_33_47_410.jpg,0,0,0,13.47051
/home/hunglam/learning/CarND/CarND-Behavioral-Cloning-P3/train_data/Recovery_left/IMG/center_2021_07_17_16_33_47_477.jpg,/home/hunglam/learning/CarND/CarND-Behavioral-Cloning-P3/train_data/Recovery_left/IMG/left_2021_07_17_16_33_47_477.jpg,/home/hunglam/learning/CarND/CarND-Behavioral-Cloning-P3/train_data/Recovery_left/IMG/right_2021_07_17_16_33_47_477.jpg,0,0,0,12.82375
/home/hunglam/learning/CarND/CarND-Behavioral-Cloning-P3/train_data/Recovery_left/IMG/center_2021_07_17_16_33_47_550.jpg,/home/hunglam/learning/CarND/CarND-Behavioral-Cloning-P3/train_data/Recovery_left/IMG/left_2021_07_17_16_33_47_550.jpg,/home/hunglam/learning/CarND/CarND-Behavioral-Cloning-P3/train_data/Recovery_left/IMG/right_2021_07_17_16_33_47_550.jpg,0,0,0,12.7153
/home/hunglam/learning/CarND/CarND-Behavioral-Cloning-P3/train_data/Recovery_left/IMG/center_2021_07_17_16_33_47_613.jpg,/home/hunglam/learning/CarND/CarND-Behavioral-Cloning-P3/train_data/Recovery_left/IMG/left_2021_07_17_16_33_47_613.jpg,/home/hunglam/learning/CarND/CarND-Behavioral-Cloning-P3/train_data/Recovery_left/IMG/right_2021_07_17_16_33_47_613.jpg,0,0,0,13.19388
/home/hunglam/learning/CarND/CarND-Behavioral-Cloning-P3/train_data/Recovery_left/IMG/center_2021_07_17_16_33_47_680.jpg,/home/hunglam/learning/CarND/CarND-Behavioral-Cloning-P3/train_data/Recovery_left/IMG/left_2021_07_17_16_33_47_680.jpg,/home/hunglam/learning/CarND/CarND-Behavioral-Cloning-P3/train_data/Recovery_left/IMG/right_2021_07_17_16_33_47_680.jpg,0,0,0,12.55411
/home/hunglam/learning/CarND/CarND-Behavioral-Cloning-P3/train_data/Recovery_left/IMG/center_2021_07_17_16_33_47_755.jpg,/home/hunglam/learning/CarND/CarND-Behavioral-Cloning-P3/train_data/Recovery_left/IMG/left_2021_07_17_16_33_47_755.jpg,/home/hunglam/learning/CarND/CarND-Behavioral-Cloning-P3/train_data/Recovery_left/IMG/right_2021_07_17_16_33_47_755.jpg,0,0,0,12.44777
/home/hunglam/learning/CarND/CarND-Behavioral-Cloning-P3/train_data/Recovery_left/IMG/center_2021_07_17_16_33_47_818.jpg,/home/hunglam/learning/CarND/CarND-Behavioral-Cloning-P3/train_data/Recovery_left/IMG/left_2021_07_17_16_33_47_818.jpg,/home/hunglam/learning/CarND/CarND-Behavioral-Cloning-P3/train_data/Recovery_left/IMG/right_2021_07_17_16_33_47_818.jpg,0,0,0,12.92559
/home/hunglam/learning/CarND/CarND-Behavioral-Cloning-P3/train_data/Recovery_left/IMG/center_2021_07_17_16_33_47_898.jpg,/home/hunglam/learning/CarND/CarND-Behavioral-Cloning-P3/train_data/Recovery_left/IMG/left_2021_07_17_16_33_47_898.jpg,/home/hunglam/learning/CarND/CarND-Behavioral-Cloning-P3/train_data/Recovery_left/IMG/right_2021_07_17_16_33_47_898.jpg,0,0,0,12.82004
/home/hunglam/learning/CarND/CarND-Behavioral-Cloning-P3/train_data/Recovery_left/IMG/center_2021_07_17_16_33_47_977.jpg,/home/hunglam/learning/CarND/CarND-Behavioral-Cloning-P3/train_data/Recovery_left/IMG/left_2021_07_17_16_33_47_977.jpg,/home/hunglam/learning/CarND/CarND-Behavioral-Cloning-P3/train_data/Recovery_left/IMG/right_2021_07_17_16_33_47_977.jpg,0,0,0,12.71507
/home/hunglam/learning/CarND/CarND-Behavioral-Cloning-P3/train_data/Recovery_left/IMG/center_2021_07_17_16_33_48_057.jpg,/home/hunglam/learning/CarND/CarND-Behavioral-Cloning-P3/train_data/Recovery_left/IMG/left_2021_07_17_16_33_48_057.jpg,/home/hunglam/learning/CarND/CarND-Behavioral-Cloning-P3/train_data/Recovery_left/IMG/right_2021_07_17_16_33_48_057.jpg,0,0,0,12.61084
/home/hunglam/learning/CarND/CarND-Behavioral-Cloning-P3/train_data/Recovery_left/IMG/center_2021_07_17_16_33_48_136.jpg,/home/hunglam/learning/CarND/CarND-Behavioral-Cloning-P3/train_data/Recovery_left/IMG/left_2021_07_17_16_33_48_136.jpg,/home/hunglam/learning/CarND/CarND-Behavioral-Cloning-P3/train_data/Recovery_left/IMG/right_2021_07_17_16_33_48_136.jpg,0,0,0,12.50742
/home/hunglam/learning/CarND/CarND-Behavioral-Cloning-P3/train_data/Recovery_left/IMG/center_2021_07_17_16_33_48_215.jpg,/home/hunglam/learning/CarND/CarND-Behavioral-Cloning-P3/train_data/Recovery_left/IMG/left_2021_07_17_16_33_48_215.jpg,/home/hunglam/learning/CarND/CarND-Behavioral-Cloning-P3/train_data/Recovery_left/IMG/right_2021_07_17_16_33_48_215.jpg,0,0,0,12.40478
/home/hunglam/learning/CarND/CarND-Behavioral-Cloning-P3/train_data/Recovery_left/IMG/center_2021_07_17_16_33_48_285.jpg,/home/hunglam/learning/CarND/CarND-Behavioral-Cloning-P3/train_data/Recovery_left/IMG/left_2021_07_17_16_33_48_285.jpg,/home/hunglam/learning/CarND/CarND-Behavioral-Cloning-P3/train_data/Recovery_left/IMG/right_2021_07_17_16_33_48_285.jpg,0,0,0,12.30285
/home/hunglam/learning/CarND/CarND-Behavioral-Cloning-P3/train_data/Recovery_left/IMG/center_2021_07_17_16_33_48_360.jpg,/home/hunglam/learning/CarND/CarND-Behavioral-Cloning-P3/train_data/Recovery_left/IMG/left_2021_07_17_16_33_48_360.jpg,/home/hunglam/learning/CarND/CarND-Behavioral-Cloning-P3/train_data/Recovery_left/IMG/right_2021_07_17_16_33_48_360.jpg,0,0,0,11.67962
/home/hunglam/learning/CarND/CarND-Behavioral-Cloning-P3/train_data/Recovery_left/IMG/center_2021_07_17_16_33_48_431.jpg,/home/hunglam/learning/CarND/CarND-Behavioral-Cloning-P3/train_data/Recovery_left/IMG/left_2021_07_17_16_33_48_431.jpg,/home/hunglam/learning/CarND/CarND-Behavioral-Cloning-P3/train_data/Recovery_left/IMG/right_2021_07_17_16_33_48_431.jpg,0,0,0,11.58042
/home/hunglam/learning/CarND/CarND-Behavioral-Cloning-P3/train_data/Recovery_left/IMG/center_2021_07_17_16_33_48_495.jpg,/home/hunglam/learning/CarND/CarND-Behavioral-Cloning-P3/train_data/Recovery_left/IMG/left_2021_07_17_16_33_48_495.jpg,/home/hunglam/learning/CarND/CarND-Behavioral-Cloning-P3/train_data/Recovery_left/IMG/right_2021_07_17_16_33_48_495.jpg,0,0,0,12.05244
/home/hunglam/learning/CarND/CarND-Behavioral-Cloning-P3/train_data/Recovery_left/IMG/center_2021_07_17_16_33_48_566.jpg,/home/hunglam/learning/CarND/CarND-Behavioral-Cloning-P3/train_data/Recovery_left/IMG/left_2021_07_17_16_33_48_566.jpg,/home/hunglam/learning/CarND/CarND-Behavioral-Cloning-P3/train_data/Recovery_left/IMG/right_2021_07_17_16_33_48_566.jpg,0,0,0,11.95363
/home/hunglam/learning/CarND/CarND-Behavioral-Cloning-P3/train_data/Recovery_left/IMG/center_2021_07_17_16_33_48_641.jpg,/home/hunglam/learning/CarND/CarND-Behavioral-Cloning-P3/train_data/Recovery_left/IMG/left_2021_07_17_16_33_48_641.jpg,/home/hunglam/learning/CarND/CarND-Behavioral-Cloning-P3/train_data/Recovery_left/IMG/right_2021_07_17_16_33_48_641.jpg,0,0,0,11.33737
/home/hunglam/learning/CarND/CarND-Behavioral-Cloning-P3/train_data/Recovery_left/IMG/center_2021_07_17_16_33_48_711.jpg,/home/hunglam/learning/CarND/CarND-Behavioral-Cloning-P3/train_data/Recovery_left/IMG/left_2021_07_17_16_33_48_711.jpg,/home/hunglam/learning/CarND/CarND-Behavioral-Cloning-P3/train_data/Recovery_left/IMG/right_2021_07_17_16_33_48_711.jpg,0,0,0,11.24315
/home/hunglam/learning/CarND/CarND-Behavioral-Cloning-P3/train_data/Recovery_left/IMG/center_2021_07_17_16_33_48_774.jpg,/home/hunglam/learning/CarND/CarND-Behavioral-Cloning-P3/train_data/Recovery_left/IMG/left_2021_07_17_16_33_48_774.jpg,/home/hunglam/learning/CarND/CarND-Behavioral-Cloning-P3/train_data/Recovery_left/IMG/right_2021_07_17_16_33_48_774.jpg,0,0,0,11.71639
/home/hunglam/learning/CarND/CarND-Behavioral-Cloning-P3/train_data/Recovery_left/IMG/center_2021_07_17_16_33_48_841.jpg,/home/hunglam/learning/CarND/CarND-Behavioral-Cloning-P3/train_data/Recovery_left/IMG/left_2021_07_17_16_33_48_841.jpg,/home/hunglam/learning/CarND/CarND-Behavioral-Cloning-P3/train_data/Recovery_left/IMG/right_2021_07_17_16_33_48_841.jpg,0,0,0,11.53022
/home/hunglam/learning/CarND/CarND-Behavioral-Cloning-P3/train_data/Recovery_left/IMG/center_2021_07_17_16_33_48_913.jpg,/home/hunglam/learning/CarND/CarND-Behavioral-Cloning-P3/train_data/Recovery_left/IMG/left_2021_07_17_16_33_48_913.jpg,/home/hunglam/learning/CarND/CarND-Behavioral-Cloning-P3/train_data/Recovery_left/IMG/right_2021_07_17_16_33_48_913.jpg,0,0,0,11.61443
/home/hunglam/learning/CarND/CarND-Behavioral-Cloning-P3/train_data/Recovery_left/IMG/center_2021_07_17_16_33_48_976.jpg,/home/hunglam/learning/CarND/CarND-Behavioral-Cloning-P3/train_data/Recovery_left/IMG/left_2021_07_17_16_33_48_976.jpg,/home/hunglam/learning/CarND/CarND-Behavioral-Cloning-P3/train_data/Recovery_left/IMG/right_2021_07_17_16_33_48_976.jpg,0,0,0,11.27004
/home/hunglam/learning/CarND/CarND-Behavioral-Cloning-P3/train_data/Recovery_left/IMG/center_2021_07_17_16_33_49_055.jpg,/home/hunglam/learning/CarND/CarND-Behavioral-Cloning-P3/train_data/Recovery_left/IMG/left_2021_07_17_16_33_49_055.jpg,/home/hunglam/learning/CarND/CarND-Behavioral-Cloning-P3/train_data/Recovery_left/IMG/right_2021_07_17_16_33_49_055.jpg,0,0,0,11.24373
/home/hunglam/learning/CarND/CarND-Behavioral-Cloning-P3/train_data/Recovery_left/IMG/center_2021_07_17_16_33_49_135.jpg,/home/hunglam/learning/CarND/CarND-Behavioral-Cloning-P3/train_data/Recovery_left/IMG/left_2021_07_17_16_33_49_135.jpg,/home/hunglam/learning/CarND/CarND-Behavioral-Cloning-P3/train_data/Recovery_left/IMG/right_2021_07_17_16_33_49_135.jpg,0,0,0,11.1405
/home/hunglam/learning/CarND/CarND-Behavioral-Cloning-P3/train_data/Recovery_left/IMG/center_2021_07_17_16_33_49_213.jpg,/home/hunglam/learning/CarND/CarND-Behavioral-Cloning-P3/train_data/Recovery_left/IMG/left_2021_07_17_16_33_49_213.jpg,/home/hunglam/learning/CarND/CarND-Behavioral-Cloning-P3/train_data/Recovery_left/IMG/right_2021_07_17_16_33_49_213.jpg,0,0,0,11.05374
/home/hunglam/learning/CarND/CarND-Behavioral-Cloning-P3/train_data/Recovery_left/IMG/center_2021_07_17_16_33_49_291.jpg,/home/hunglam/learning/CarND/CarND-Behavioral-Cloning-P3/train_data/Recovery_left/IMG/left_2021_07_17_16_33_49_291.jpg,/home/hunglam/learning/CarND/CarND-Behavioral-Cloning-P3/train_data/Recovery_left/IMG/right_2021_07_17_16_33_49_291.jpg,0,0,0,10.96509
/home/hunglam/learning/CarND/CarND-Behavioral-Cloning-P3/train_data/Recovery_left/IMG/center_2021_07_17_16_33_49_358.jpg,/home/hunglam/learning/CarND/CarND-Behavioral-Cloning-P3/train_data/Recovery_left/IMG/left_2021_07_17_16_33_49_358.jpg,/home/hunglam/learning/CarND/CarND-Behavioral-Cloning-P3/train_data/Recovery_left/IMG/right_2021_07_17_16_33_49_358.jpg,0,0,0,10.89921
/home/hunglam/learning/CarND/CarND-Behavioral-Cloning-P3/train_data/Recovery_left/IMG/center_2021_07_17_16_33_49_426.jpg,/home/hunglam/learning/CarND/CarND-Behavioral-Cloning-P3/train_data/Recovery_left/IMG/left_2021_07_17_16_33_49_426.jpg,/home/hunglam/learning/CarND/CarND-Behavioral-Cloning-P3/train_data/Recovery_left/IMG/right_2021_07_17_16_33_49_426.jpg,0,0,0,10.81198
/home/hunglam/learning/CarND/CarND-Behavioral-Cloning-P3/train_data/Recovery_left/IMG/center_2021_07_17_16_33_49_494.jpg,/home/hunglam/learning/CarND/CarND-Behavioral-Cloning-P3/train_data/Recovery_left/IMG/left_2021_07_17_16_33_49_494.jpg,/home/hunglam/learning/CarND/CarND-Behavioral-Cloning-P3/train_data/Recovery_left/IMG/right_2021_07_17_16_33_49_494.jpg,0,0,0,10.74701
/home/hunglam/learning/CarND/CarND-Behavioral-Cloning-P3/train_data/Recovery_left/IMG/center_2021_07_17_16_33_49_561.jpg,/home/hunglam/learning/CarND/CarND-Behavioral-Cloning-P3/train_data/Recovery_left/IMG/left_2021_07_17_16_33_49_561.jpg,/home/hunglam/learning/CarND/CarND-Behavioral-Cloning-P3/train_data/Recovery_left/IMG/right_2021_07_17_16_33_49_561.jpg,0,0,0,10.68243
/home/hunglam/learning/CarND/CarND-Behavioral-Cloning-P3/train_data/Recovery_left/IMG/center_2021_07_17_16_33_49_628.jpg,/home/hunglam/learning/CarND/CarND-Behavioral-Cloning-P3/train_data/Recovery_left/IMG/left_2021_07_17_16_33_49_628.jpg,/home/hunglam/learning/CarND/CarND-Behavioral-Cloning-P3/train_data/Recovery_left/IMG/right_2021_07_17_16_33_49_628.jpg,0,0,0,10.59693
/home/hunglam/learning/CarND/CarND-Behavioral-Cloning-P3/train_data/Recovery_left/IMG/center_2021_07_17_16_33_49_696.jpg,/home/hunglam/learning/CarND/CarND-Behavioral-Cloning-P3/train_data/Recovery_left/IMG/left_2021_07_17_16_33_49_696.jpg,/home/hunglam/learning/CarND/CarND-Behavioral-Cloning-P3/train_data/Recovery_left/IMG/right_2021_07_17_16_33_49_696.jpg,0,0,0,10.53326
/home/hunglam/learning/CarND/CarND-Behavioral-Cloning-P3/train_data/Recovery_left/IMG/center_2021_07_17_16_33_49_763.jpg,/home/hunglam/learning/CarND/CarND-Behavioral-Cloning-P3/train_data/Recovery_left/IMG/left_2021_07_17_16_33_49_763.jpg,/home/hunglam/learning/CarND/CarND-Behavioral-Cloning-P3/train_data/Recovery_left/IMG/right_2021_07_17_16_33_49_763.jpg,0,0,0,10.46997
/home/hunglam/learning/CarND/CarND-Behavioral-Cloning-P3/train_data/Recovery_left/IMG/center_2021_07_17_16_33_49_841.jpg,/home/hunglam/learning/CarND/CarND-Behavioral-Cloning-P3/train_data/Recovery_left/IMG/left_2021_07_17_16_33_49_841.jpg,/home/hunglam/learning/CarND/CarND-Behavioral-Cloning-P3/train_data/Recovery_left/IMG/right_2021_07_17_16_33_49_841.jpg,0,0,0,10.38617
/home/hunglam/learning/CarND/CarND-Behavioral-Cloning-P3/train_data/Recovery_left/IMG/center_2021_07_17_16_33_49_919.jpg,/home/hunglam/learning/CarND/CarND-Behavioral-Cloning-P3/train_data/Recovery_left/IMG/left_2021_07_17_16_33_49_919.jpg,/home/hunglam/learning/CarND/CarND-Behavioral-Cloning-P3/train_data/Recovery_left/IMG/right_2021_07_17_16_33_49_919.jpg,0,0,0,10.30318
/home/hunglam/learning/CarND/CarND-Behavioral-Cloning-P3/train_data/Recovery_left/IMG/center_2021_07_17_16_33_49_996.jpg,/home/hunglam/learning/CarND/CarND-Behavioral-Cloning-P3/train_data/Recovery_left/IMG/left_2021_07_17_16_33_49_996.jpg,/home/hunglam/learning/CarND/CarND-Behavioral-Cloning-P3/train_data/Recovery_left/IMG/right_2021_07_17_16_33_49_996.jpg,0,0,0,10.22095
/home/hunglam/learning/CarND/CarND-Behavioral-Cloning-P3/train_data/Recovery_left/IMG/center_2021_07_17_16_33_50_074.jpg,/home/hunglam/learning/CarND/CarND-Behavioral-Cloning-P3/train_data/Recovery_left/IMG/left_2021_07_17_16_33_50_074.jpg,/home/hunglam/learning/CarND/CarND-Behavioral-Cloning-P3/train_data/Recovery_left/IMG/right_2021_07_17_16_33_50_074.jpg,0,0,0,10.13937
/home/hunglam/learning/CarND/CarND-Behavioral-Cloning-P3/train_data/Recovery_left/IMG/center_2021_07_17_16_33_50_152.jpg,/home/hunglam/learning/CarND/CarND-Behavioral-Cloning-P3/train_data/Recovery_left/IMG/left_2021_07_17_16_33_50_152.jpg,/home/hunglam/learning/CarND/CarND-Behavioral-Cloning-P3/train_data/Recovery_left/IMG/right_2021_07_17_16_33_50_152.jpg,0,0,0,10.05845
/home/hunglam/learning/CarND/CarND-Behavioral-Cloning-P3/train_data/Recovery_left/IMG/center_2021_07_17_16_33_50_221.jpg,/home/hunglam/learning/CarND/CarND-Behavioral-Cloning-P3/train_data/Recovery_left/IMG/left_2021_07_17_16_33_50_221.jpg,/home/hunglam/learning/CarND/CarND-Behavioral-Cloning-P3/train_data/Recovery_left/IMG/right_2021_07_17_16_33_50_221.jpg,0,0,0,9.99819
/home/hunglam/learning/CarND/CarND-Behavioral-Cloning-P3/train_data/Recovery_left/IMG/center_2021_07_17_16_33_50_291.jpg,/home/hunglam/learning/CarND/CarND-Behavioral-Cloning-P3/train_data/Recovery_left/IMG/left_2021_07_17_16_33_50_291.jpg,/home/hunglam/learning/CarND/CarND-Behavioral-Cloning-P3/train_data/Recovery_left/IMG/right_2021_07_17_16_33_50_291.jpg,0,0,0,9.918407
/home/hunglam/learning/CarND/CarND-Behavioral-Cloning-P3/train_data/Recovery_left/IMG/center_2021_07_17_16_33_50_359.jpg,/home/hunglam/learning/CarND/CarND-Behavioral-Cloning-P3/train_data/Recovery_left/IMG/left_2021_07_17_16_33_50_359.jpg,/home/hunglam/learning/CarND/CarND-Behavioral-Cloning-P3/train_data/Recovery_left/IMG/right_2021_07_17_16_33_50_359.jpg,0,0,0,9.858992
/home/hunglam/learning/CarND/CarND-Behavioral-Cloning-P3/train_data/Recovery_left/IMG/center_2021_07_17_16_33_50_430.jpg,/home/hunglam/learning/CarND/CarND-Behavioral-Cloning-P3/train_data/Recovery_left/IMG/left_2021_07_17_16_33_50_430.jpg,/home/hunglam/learning/CarND/CarND-Behavioral-Cloning-P3/train_data/Recovery_left/IMG/right_2021_07_17_16_33_50_430.jpg,0,0,0,9.780328
/home/hunglam/learning/CarND/CarND-Behavioral-Cloning-P3/train_data/Recovery_left/IMG/center_2021_07_17_16_33_50_500.jpg,/home/hunglam/learning/CarND/CarND-Behavioral-Cloning-P3/train_data/Recovery_left/IMG/left_2021_07_17_16_33_50_500.jpg,/home/hunglam/learning/CarND/CarND-Behavioral-Cloning-P3/train_data/Recovery_left/IMG/right_2021_07_17_16_33_50_500.jpg,0,0,0,9.721746
/home/hunglam/learning/CarND/CarND-Behavioral-Cloning-P3/train_data/Recovery_left/IMG/center_2021_07_17_16_33_50_571.jpg,/home/hunglam/learning/CarND/CarND-Behavioral-Cloning-P3/train_data/Recovery_left/IMG/left_2021_07_17_16_33_50_571.jpg,/home/hunglam/learning/CarND/CarND-Behavioral-Cloning-P3/train_data/Recovery_left/IMG/right_2021_07_17_16_33_50_571.jpg,0,0,0,9.644192
/home/hunglam/learning/CarND/CarND-Behavioral-Cloning-P3/train_data/Recovery_left/IMG/center_2021_07_17_16_33_50_640.jpg,/home/hunglam/learning/CarND/CarND-Behavioral-Cloning-P3/train_data/Recovery_left/IMG/left_2021_07_17_16_33_50_640.jpg,/home/hunglam/learning/CarND/CarND-Behavioral-Cloning-P3/train_data/Recovery_left/IMG/right_2021_07_17_16_33_50_640.jpg,0,0,0,9.586433
/home/hunglam/learning/CarND/CarND-Behavioral-Cloning-P3/train_data/Recovery_left/IMG/center_2021_07_17_16_33_50_721.jpg,/home/hunglam/learning/CarND/CarND-Behavioral-Cloning-P3/train_data/Recovery_left/IMG/left_2021_07_17_16_33_50_721.jpg,/home/hunglam/learning/CarND/CarND-Behavioral-Cloning-P3/train_data/Recovery_left/IMG/right_2021_07_17_16_33_50_721.jpg,0,0,0,9.509967
/home/hunglam/learning/CarND/CarND-Behavioral-Cloning-P3/train_data/Recovery_left/IMG/center_2021_07_17_16_33_50_789.jpg,/home/hunglam/learning/CarND/CarND-Behavioral-Cloning-P3/train_data/Recovery_left/IMG/left_2021_07_17_16_33_50_789.jpg,/home/hunglam/learning/CarND/CarND-Behavioral-Cloning-P3/train_data/Recovery_left/IMG/right_2021_07_17_16_33_50_789.jpg,0,0,0,9.434116
/home/hunglam/learning/CarND/CarND-Behavioral-Cloning-P3/train_data/Recovery_left/IMG/center_2021_07_17_16_33_50_857.jpg,/home/hunglam/learning/CarND/CarND-Behavioral-Cloning-P3/train_data/Recovery_left/IMG/left_2021_07_17_16_33_50_857.jpg,/home/hunglam/learning/CarND/CarND-Behavioral-Cloning-P3/train_data/Recovery_left/IMG/right_2021_07_17_16_33_50_857.jpg,0,0,0,9.377628
/home/hunglam/learning/CarND/CarND-Behavioral-Cloning-P3/train_data/Recovery_left/IMG/center_2021_07_17_16_33_50_925.jpg,/home/hunglam/learning/CarND/CarND-Behavioral-Cloning-P3/train_data/Recovery_left/IMG/left_2021_07_17_16_33_50_925.jpg,/home/hunglam/learning/CarND/CarND-Behavioral-Cloning-P3/train_data/Recovery_left/IMG/right_2021_07_17_16_33_50_925.jpg,0,0,0,9.30284
/home/hunglam/learning/CarND/CarND-Behavioral-Cloning-P3/train_data/Recovery_left/IMG/center_2021_07_17_16_33_50_995.jpg,/home/hunglam/learning/CarND/CarND-Behavioral-Cloning-P3/train_data/Recovery_left/IMG/left_2021_07_17_16_33_50_995.jpg,/home/hunglam/learning/CarND/CarND-Behavioral-Cloning-P3/train_data/Recovery_left/IMG/right_2021_07_17_16_33_50_995.jpg,0,0,0,9.247144
/home/hunglam/learning/CarND/CarND-Behavioral-Cloning-P3/train_data/Recovery_left/IMG/center_2021_07_17_16_33_51_064.jpg,/home/hunglam/learning/CarND/CarND-Behavioral-Cloning-P3/train_data/Recovery_left/IMG/left_2021_07_17_16_33_51_064.jpg,/home/hunglam/learning/CarND/CarND-Behavioral-Cloning-P3/train_data/Recovery_left/IMG/right_2021_07_17_16_33_51_064.jpg,0,0,0,9.173406
/home/hunglam/learning/CarND/CarND-Behavioral-Cloning-P3/train_data/Recovery_left/IMG/center_2021_07_17_16_33_51_133.jpg,/home/hunglam/learning/CarND/CarND-Behavioral-Cloning-P3/train_data/Recovery_left/IMG/left_2021_07_17_16_33_51_133.jpg,/home/hunglam/learning/CarND/CarND-Behavioral-Cloning-P3/train_data/Recovery_left/IMG/right_2021_07_17_16_33_51_133.jpg,0,0,0,9.118579
/home/hunglam/learning/CarND/CarND-Behavioral-Cloning-P3/train_data/Recovery_left/IMG/center_2021_07_17_16_33_51_203.jpg,/home/hunglam/learning/CarND/CarND-Behavioral-Cloning-P3/train_data/Recovery_left/IMG/left_2021_07_17_16_33_51_203.jpg,/home/hunglam/learning/CarND/CarND-Behavioral-Cloning-P3/train_data/Recovery_left/IMG/right_2021_07_17_16_33_51_203.jpg,0,0,0,9.06411
/home/hunglam/learning/CarND/CarND-Behavioral-Cloning-P3/train_data/Recovery_left/IMG/center_2021_07_17_16_33_51_272.jpg,/home/hunglam/learning/CarND/CarND-Behavioral-Cloning-P3/train_data/Recovery_left/IMG/left_2021_07_17_16_33_51_272.jpg,/home/hunglam/learning/CarND/CarND-Behavioral-Cloning-P3/train_data/Recovery_left/IMG/right_2021_07_17_16_33_51_272.jpg,0,0,0,8.991997
/home/hunglam/learning/CarND/CarND-Behavioral-Cloning-P3/train_data/Recovery_left/IMG/center_2021_07_17_16_33_51_341.jpg,/home/hunglam/learning/CarND/CarND-Behavioral-Cloning-P3/train_data/Recovery_left/IMG/left_2021_07_17_16_33_51_341.jpg,/home/hunglam/learning/CarND/CarND-Behavioral-Cloning-P3/train_data/Recovery_left/IMG/right_2021_07_17_16_33_51_341.jpg,0,0,0,8.938292
/home/hunglam/learning/CarND/CarND-Behavioral-Cloning-P3/train_data/Recovery_left/IMG/center_2021_07_17_16_33_51_416.jpg,/home/hunglam/learning/CarND/CarND-Behavioral-Cloning-P3/train_data/Recovery_left/IMG/left_2021_07_17_16_33_51_416.jpg,/home/hunglam/learning/CarND/CarND-Behavioral-Cloning-P3/train_data/Recovery_left/IMG/right_2021_07_17_16_33_51_416.jpg,0,0,0,8.867192
/home/hunglam/learning/CarND/CarND-Behavioral-Cloning-P3/train_data/Recovery_left/IMG/center_2021_07_17_16_33_51_484.jpg,/home/hunglam/learning/CarND/CarND-Behavioral-Cloning-P3/train_data/Recovery_left/IMG/left_2021_07_17_16_33_51_484.jpg,/home/hunglam/learning/CarND/CarND-Behavioral-Cloning-P3/train_data/Recovery_left/IMG/right_2021_07_17_16_33_51_484.jpg,0,0,0,8.796662
/home/hunglam/learning/CarND/CarND-Behavioral-Cloning-P3/train_data/Recovery_left/IMG/center_2021_07_17_16_33_51_552.jpg,/home/hunglam/learning/CarND/CarND-Behavioral-Cloning-P3/train_data/Recovery_left/IMG/left_2021_07_17_16_33_51_552.jpg,/home/hunglam/learning/CarND/CarND-Behavioral-Cloning-P3/train_data/Recovery_left/IMG/right_2021_07_17_16_33_51_552.jpg,0,0,0,8.744138
/home/hunglam/learning/CarND/CarND-Behavioral-Cloning-P3/train_data/Recovery_left/IMG/center_2021_07_17_16_33_51_619.jpg,/home/hunglam/learning/CarND/CarND-Behavioral-Cloning-P3/train_data/Recovery_left/IMG/left_2021_07_17_16_33_51_619.jpg,/home/hunglam/learning/CarND/CarND-Behavioral-Cloning-P3/train_data/Recovery_left/IMG/right_2021_07_17_16_33_51_619.jpg,0,0,0,8.691928
/home/hunglam/learning/CarND/CarND-Behavioral-Cloning-P3/train_data/Recovery_left/IMG/center_2021_07_17_16_33_51_686.jpg,/home/hunglam/learning/CarND/CarND-Behavioral-Cloning-P3/train_data/Recovery_left/IMG/left_2021_07_17_16_33_51_686.jpg,/home/hunglam/learning/CarND/CarND-Behavioral-Cloning-P3/train_data/Recovery_left/IMG/right_2021_07_17_16_33_51_686.jpg,0,0,0,8.622804
/home/hunglam/learning/CarND/CarND-Behavioral-Cloning-P3/train_data/Recovery_left/IMG/center_2021_07_17_16_33_51_765.jpg,/home/hunglam/learning/CarND/CarND-Behavioral-Cloning-P3/train_data/Recovery_left/IMG/left_2021_07_17_16_33_51_765.jpg,/home/hunglam/learning/CarND/CarND-Behavioral-Cloning-P3/train_data/Recovery_left/IMG/right_2021_07_17_16_33_51_765.jpg,0,0,0,8.554235
/home/hunglam/learning/CarND/CarND-Behavioral-Cloning-P3/train_data/Recovery_left/IMG/center_2021_07_17_16_33_51_840.jpg,/home/hunglam/learning/CarND/CarND-Behavioral-Cloning-P3/train_data/Recovery_left/IMG/left_2021_07_17_16_33_51_840.jpg,/home/hunglam/learning/CarND/CarND-Behavioral-Cloning-P3/train_data/Recovery_left/IMG/right_2021_07_17_16_33_51_840.jpg,0,0,0,8.50321
/home/hunglam/learning/CarND/CarND-Behavioral-Cloning-P3/train_data/Recovery_left/IMG/center_2021_07_17_16_33_51_908.jpg,/home/hunglam/learning/CarND/CarND-Behavioral-Cloning-P3/train_data/Recovery_left/IMG/left_2021_07_17_16_33_51_908.jpg,/home/hunglam/learning/CarND/CarND-Behavioral-Cloning-P3/train_data/Recovery_left/IMG/right_2021_07_17_16_33_51_908.jpg,0,0,0,8.435724
